-- phpMyAdmin SQL Dump
-- version 5.1.1
-- https://www.phpmyadmin.net/
--
-- Host: 127.0.0.1
-- Generation Time: Dec 22, 2022 at 11:32 AM
-- Server version: 10.4.22-MariaDB
-- PHP Version: 7.4.27

SET SQL_MODE = "NO_AUTO_VALUE_ON_ZERO";
START TRANSACTION;
SET time_zone = "+00:00";


/*!40101 SET @OLD_CHARACTER_SET_CLIENT=@@CHARACTER_SET_CLIENT */;
/*!40101 SET @OLD_CHARACTER_SET_RESULTS=@@CHARACTER_SET_RESULTS */;
/*!40101 SET @OLD_COLLATION_CONNECTION=@@COLLATION_CONNECTION */;
/*!40101 SET NAMES utf8mb4 */;

--
-- Database: `chat_bot_db`
--

-- --------------------------------------------------------

--
-- Table structure for table `keyword_fetched`
--

CREATE TABLE `keyword_fetched` (
  `response_id` int(30) NOT NULL,
  `client` text NOT NULL
) ENGINE=InnoDB DEFAULT CHARSET=utf8mb4;

--
-- Dumping data for table `keyword_fetched`
--

INSERT INTO `keyword_fetched` (`response_id`, `client`) VALUES
(8, '::1'),
(8, '::1'),
(8, '::1'),
(8, '::1'),
(8, '::1'),
(8, '::1'),
(8, '::1'),
(8, '::1'),
(8, '::1'),
(8, '::1'),
(8, '::1'),
(8, '::1'),
(8, '::1'),
(8, '::1'),
(8, '::1'),
(8, '::1'),
(8, '::1'),
(8, '::1'),
(8, '::1'),
(8, '::1'),
(9, '::1'),
(8, '::1'),
(9, '::1'),
(10, '::1'),
(8, '::1'),
(9, '::1'),
(10, '::1'),
(8, '::1'),
(9, '::1'),
(10, '::1'),
(8, '::1'),
(9, '::1'),
(10, '::1'),
(8, '::1'),
(9, '::1'),
(10, '::1'),
(8, '::1'),
(9, '::1'),
(10, '::1'),
(8, '::1'),
(9, '::1'),
(8, '::1'),
(9, '::1'),
(10, '::1'),
(11, '::1'),
(12, '::1'),
(13, '::1'),
(8, '::1'),
(8, '::1'),
(9, '::1'),
(10, '::1'),
(11, '::1'),
(12, '::1'),
(13, '::1'),
(14, '::1'),
(8, '::1'),
(9, '::1'),
(10, '::1'),
(11, '::1'),
(12, '::1'),
(13, '::1'),
(14, '::1'),
(15, '::1'),
(8, '::1'),
(9, '::1'),
(10, '::1'),
(11, '::1'),
(12, '::1'),
(13, '::1'),
(14, '::1'),
(15, '::1'),
(16, '::1'),
(8, '::1'),
(9, '::1'),
(10, '::1'),
(11, '::1'),
(12, '::1'),
(13, '::1'),
(14, '::1'),
(15, '::1'),
(16, '::1'),
(17, '::1'),
(18, '::1'),
(8, '::1'),
(9, '::1'),
(10, '::1'),
(11, '::1'),
(12, '::1'),
(13, '::1'),
(14, '::1'),
(15, '::1'),
(16, '::1'),
(17, '::1'),
(18, '::1'),
(19, '::1'),
(8, '::1'),
(9, '::1'),
(10, '::1'),
(11, '::1'),
(12, '::1'),
(13, '::1'),
(14, '::1'),
(15, '::1'),
(16, '::1'),
(17, '::1'),
(18, '::1'),
(19, '::1'),
(20, '::1'),
(21, '::1'),
(22, '::1'),
(23, '::1'),
(8, '::1'),
(9, '::1'),
(10, '::1'),
(11, '::1'),
(12, '::1'),
(13, '::1'),
(14, '::1'),
(15, '::1'),
(16, '::1'),
(17, '::1'),
(18, '::1'),
(19, '::1'),
(20, '::1'),
(21, '::1'),
(22, '::1'),
(23, '::1'),
(24, '::1'),
(25, '::1'),
(26, '::1'),
(27, '::1'),
(28, '::1'),
(8, '::1'),
(9, '::1'),
(10, '::1'),
(11, '::1'),
(12, '::1'),
(13, '::1'),
(14, '::1'),
(15, '::1'),
(16, '::1'),
(17, '::1'),
(18, '::1'),
(19, '::1'),
(20, '::1'),
(21, '::1'),
(22, '::1'),
(23, '::1'),
(24, '::1'),
(25, '::1'),
(26, '::1'),
(27, '::1'),
(28, '::1'),
(29, '::1'),
(30, '::1'),
(31, '::1'),
(32, '::1'),
(33, '::1'),
(34, '::1'),
(35, '::1'),
(36, '::1'),
(37, '::1'),
(38, '::1'),
(39, '::1'),
(8, '::1'),
(9, '::1'),
(10, '::1'),
(11, '::1'),
(12, '::1'),
(13, '::1'),
(14, '::1'),
(15, '::1'),
(16, '::1'),
(17, '::1'),
(18, '::1'),
(19, '::1'),
(20, '::1'),
(21, '::1'),
(22, '::1'),
(23, '::1'),
(24, '::1'),
(25, '::1'),
(26, '::1'),
(27, '::1'),
(28, '::1'),
(29, '::1'),
(30, '::1'),
(31, '::1'),
(32, '::1'),
(33, '::1'),
(34, '::1'),
(35, '::1'),
(36, '::1'),
(37, '::1'),
(38, '::1'),
(39, '::1'),
(8, '::1'),
(9, '::1'),
(10, '::1'),
(11, '::1'),
(12, '::1'),
(13, '::1'),
(14, '::1'),
(15, '::1'),
(16, '::1'),
(17, '::1'),
(18, '::1'),
(19, '::1'),
(20, '::1'),
(21, '::1'),
(22, '::1'),
(23, '::1'),
(24, '::1'),
(25, '::1'),
(26, '::1'),
(27, '::1'),
(28, '::1'),
(29, '::1'),
(30, '::1'),
(31, '::1'),
(32, '::1'),
(33, '::1'),
(34, '::1'),
(35, '::1'),
(36, '::1'),
(37, '::1'),
(38, '::1'),
(39, '::1'),
(8, '::1'),
(9, '::1'),
(10, '::1'),
(11, '::1'),
(12, '::1'),
(13, '::1'),
(14, '::1'),
(15, '::1'),
(16, '::1'),
(17, '::1'),
(18, '::1'),
(19, '::1'),
(20, '::1'),
(21, '::1'),
(22, '::1'),
(23, '::1'),
(24, '::1'),
(25, '::1'),
(26, '::1'),
(27, '::1'),
(28, '::1'),
(29, '::1'),
(30, '::1'),
(31, '::1'),
(32, '::1'),
(33, '::1'),
(34, '::1'),
(35, '::1'),
(36, '::1'),
(37, '::1'),
(38, '::1'),
(39, '::1'),
(8, '::1'),
(8, '::1'),
(9, '::1'),
(10, '::1'),
(11, '::1'),
(12, '::1'),
(13, '::1'),
(14, '::1'),
(15, '::1'),
(16, '::1'),
(17, '::1'),
(18, '::1'),
(19, '::1'),
(20, '::1'),
(21, '::1'),
(22, '::1'),
(23, '::1'),
(24, '::1'),
(25, '::1'),
(26, '::1'),
(27, '::1'),
(28, '::1'),
(29, '::1'),
(30, '::1'),
(31, '::1'),
(32, '::1'),
(33, '::1'),
(34, '::1'),
(35, '::1'),
(36, '::1'),
(37, '::1'),
(38, '::1'),
(39, '::1'),
(8, '::1'),
(8, '::1'),
(9, '::1'),
(10, '::1'),
(11, '::1'),
(12, '::1'),
(13, '::1'),
(14, '::1'),
(15, '::1'),
(16, '::1'),
(17, '::1'),
(18, '::1'),
(19, '::1'),
(20, '::1'),
(21, '::1'),
(22, '::1'),
(23, '::1'),
(24, '::1'),
(25, '::1'),
(26, '::1'),
(27, '::1'),
(28, '::1'),
(29, '::1'),
(30, '::1'),
(31, '::1'),
(32, '::1'),
(33, '::1'),
(34, '::1'),
(35, '::1'),
(36, '::1'),
(37, '::1'),
(38, '::1'),
(39, '::1'),
(39, '::1'),
(39, '::1'),
(39, '::1'),
(39, '::1'),
(39, '::1'),
(39, '::1'),
(8, '::1'),
(39, '::1'),
(39, '::1'),
(39, '::1'),
(39, '::1'),
(8, '::1'),
(8, '::1'),
(8, '::1'),
(9, '::1'),
(10, '::1'),
(39, '::1'),
(39, '::1'),
(39, '::1'),
(39, '::1'),
(8, '::1'),
(8, '::1'),
(8, '::1'),
(39, '::1'),
(40, '::1'),
(8, '::1'),
(8, '::1'),
(41, '::1'),
(8, '::1'),
(41, '::1'),
(42, '::1'),
(8, '::1'),
(41, '::1'),
(42, '::1'),
(43, '::1'),
(8, '::1'),
(41, '::1'),
(42, '::1'),
(43, '::1'),
(8, '::1'),
(41, '::1'),
(42, '::1'),
(43, '::1'),
(44, '::1'),
(45, '::1'),
(8, '::1'),
(41, '::1'),
(42, '::1'),
(43, '::1'),
(44, '::1'),
(45, '::1'),
(46, '::1'),
(47, '::1'),
(48, '::1'),
(49, '::1'),
(50, '::1'),
(8, '::1'),
(41, '::1'),
(42, '::1'),
(43, '::1'),
(44, '::1'),
(45, '::1'),
(46, '::1'),
(47, '::1'),
(48, '::1'),
(49, '::1'),
(50, '::1'),
(51, '::1'),
(52, '::1'),
(53, '::1'),
(54, '::1'),
(55, '::1'),
(56, '::1'),
(57, '::1'),
(58, '::1'),
(59, '::1'),
(60, '::1'),
(8, '::1'),
(41, '::1'),
(42, '::1'),
(43, '::1'),
(44, '::1'),
(45, '::1'),
(46, '::1'),
(47, '::1'),
(48, '::1'),
(49, '::1'),
(50, '::1'),
(51, '::1'),
(52, '::1'),
(53, '::1'),
(54, '::1'),
(55, '::1'),
(56, '::1'),
(57, '::1'),
(58, '::1'),
(59, '::1'),
(60, '::1'),
(61, '::1'),
(62, '::1'),
(63, '::1'),
(64, '::1'),
(65, '::1'),
(8, '::1'),
(41, '::1'),
(42, '::1'),
(43, '::1'),
(44, '::1'),
(45, '::1'),
(46, '::1'),
(47, '::1'),
(48, '::1'),
(49, '::1'),
(50, '::1'),
(51, '::1'),
(52, '::1'),
(53, '::1'),
(54, '::1'),
(55, '::1'),
(56, '::1'),
(57, '::1'),
(58, '::1'),
(59, '::1'),
(60, '::1'),
(61, '::1'),
(62, '::1'),
(63, '::1'),
(64, '::1'),
(65, '::1'),
(66, '::1'),
(67, '::1'),
(68, '::1'),
(69, '::1'),
(70, '::1'),
(71, '::1'),
(40, '::1'),
(8, '::1'),
(8, '::1'),
(72, '::1'),
(8, '::1'),
(72, '::1'),
(73, '::1'),
(74, '::1'),
(75, '::1'),
(8, '::1'),
(8, '::1'),
(72, '::1'),
(73, '::1'),
(74, '::1'),
(75, '::1'),
(8, '::1'),
(72, '::1'),
(73, '::1'),
(74, '::1'),
(75, '::1'),
(8, '::1'),
(72, '::1'),
(73, '::1'),
(74, '::1'),
(75, '::1'),
(76, '::1'),
(8, '::1'),
(72, '::1'),
(73, '::1'),
(74, '::1'),
(75, '::1'),
(76, '::1');

-- --------------------------------------------------------

--
-- Table structure for table `keyword_list`
--

CREATE TABLE `keyword_list` (
  `response_id` int(30) NOT NULL,
  `keyword` text NOT NULL
) ENGINE=InnoDB DEFAULT CHARSET=utf8mb4;

--
-- Dumping data for table `keyword_list`
--

INSERT INTO `keyword_list` (`response_id`, `keyword`) VALUES
(13, 'Yes I want to gain knowledge about Disaster of Readiness and Risk Reduction'),
(13, 'I dont want to gain knowledge about Disaster of Readiness and Risk Reduction'),
(12, 'Yes I want to pursue General Education'),
(12, 'No I dont want to pursue General Education'),
(11, 'Im interested in Organization Management'),
(11, 'Im not interested in Organization Management'),
(10, 'Yes i can'),
(10, 'I cant'),
(9, 'GAS'),
(14, 'I want to hone my creative writing skills'),
(14, 'I dont want to hone my creative writing skills'),
(15, 'Im interested in Empowerment Technologies'),
(15, 'Im not interested in Empowerment Technologies'),
(16, 'Yes i thought about developing my communication skills'),
(16, 'No i dont thought about developing my communication skills'),
(17, 'Yes im not sure of what course to take in college'),
(17, 'No im sure of what course to take in college'),
(18, 'Yes i want to be a teacher'),
(18, 'No i dont want to be a teacher'),
(19, 'Yes i want to focus on general knowledge'),
(19, 'No i dont want to focus on general knowledge'),
(20, 'Yes i want to learn more and dig deeper without any restrictions'),
(20, 'No i dont want to learn more and dig deeper without any restrictions'),
(21, 'I want to learn and weigh my options while doing them both at the same time'),
(21, 'I dont want to learn and weigh my options while doing them both at the same time'),
(22, 'Yes i want to learn everything without focusing on a specific subject'),
(22, 'I dont want to learn everything without focusing on a specific subject'),
(23, 'Im indecisive about the course that you will be taking in college'),
(23, 'Im not indecisive about the course that you will be taking in college'),
(24, 'I have more time on figuring out what you want to be in the future'),
(24, 'I dont have more time on figuring out what you want to be in the future'),
(25, 'Yes i want to explore more before focusing on a specific course in college'),
(25, 'I dont want to explore more before focusing on a specific course in college'),
(26, 'Yes i think i should have a general knowledge in all subjects'),
(26, 'No i shouldnt need a general knowledge in all subjects'),
(27, 'Yes i want freedom to explore more options before entering college'),
(27, 'No i dont want to explore'),
(28, 'Yes i want more opportunities'),
(28, 'I dont want opportunities'),
(29, 'Yes i think i can be anyone i like in the future'),
(29, 'I dont think i can be anyone i like in the future'),
(30, 'I am interested in learning broader subjects'),
(30, 'I am not interested in learning broader subjects'),
(31, 'Yes im willing to study mixed subjects so that i can have more options in the future'),
(31, 'Im not willing to study mixed subjects'),
(32, 'Yes i believe that this strand will help me sort out what you will be in the future'),
(32, 'I dont believe that this strand will help me sort out what you will be in the future'),
(33, 'Yes i think that learning mixed subjects will help me'),
(33, 'I dont think that learning mixed subjects will not help me'),
(34, 'I want to develop my communication and writing skills'),
(34, 'I dont to develop my communication and writing skills'),
(35, 'Yes i want to understand all of this'),
(35, 'No i dont want to understand all of this'),
(36, 'Yes i want to study about the core subjects that can also be found in other strands'),
(36, 'No i dont want to study about the core subjects that can also be found in other strands'),
(37, 'Yes i can focus'),
(37, 'No i cant focus'),
(38, 'Yes i want to involve myself in more general areas of study'),
(38, 'I dont want to involve myself in more general areas of study'),
(8, 'Lets Gooo'),
(8, 'Pick New Stand'),
(40, 'Done'),
(39, 'I want to master the general areas of study'),
(39, 'I dont want to master the general areas of study'),
(41, 'STEM'),
(42, 'Yes im good in subjects such as Math Science and English'),
(42, 'No im not good in subjects such as Math Science and English'),
(43, 'Yes my hobbies are related to Science English and Math'),
(43, 'My hobbies are not related on Science English and Math'),
(44, 'Yes i want to be a medtech engineer architect or a biologist in the future'),
(44, 'I dont want to be a medtech engineer architect or a biologist'),
(45, 'Yes im interested in innovation'),
(45, 'No im not interested in innovation'),
(46, 'Yes i consider myself a critical thinker'),
(46, 'No i dont consider myself a critical thinker'),
(47, 'Im interested in robotics'),
(47, 'Im not interested in robotics'),
(48, 'Yes i am willing to learn how the AI and machine language works'),
(48, 'No im not willing to learn how the AI and machine language works'),
(49, 'Yes i am interested to undergo an experiments'),
(49, 'Im not interested to undergo an experiments'),
(50, 'Yes im interested in unique earth science'),
(50, 'Im not interested in unique earth science'),
(51, 'I like phenomenon like meteorology and continental drifts'),
(51, 'Im not interested on phenomenons'),
(52, 'Yes im curious about the evidences like fossils'),
(52, 'Im not curious about the evidences like fossils'),
(53, 'Yes i want to be a scientist'),
(53, 'No i dont want to be a scientist'),
(54, 'Yes i always been a math wiz'),
(54, 'No im math wiz'),
(55, 'Yes numbers and equations excite me'),
(55, 'Numbers and equations are not exciting'),
(56, 'Yes i want to become a great economist'),
(56, 'I dont want to become a great economist'),
(57, 'Yes i want to be a mathematician'),
(57, 'No i dont want to be a mathematician'),
(58, 'Yes i thought of becoming engineers that could solve problems'),
(58, 'No i thought of becoming engineers that could solve problems'),
(59, 'Yes i think im good at numbers'),
(59, 'I dont think im good at numbers'),
(60, 'Yes Chemistry attract me'),
(60, 'Chemistry does not attract me'),
(61, 'Yes im good at drawing'),
(61, 'No im not good at drawing'),
(62, 'Yes i want to know the importance of science education'),
(62, 'I dont want to know the importance of science education'),
(63, 'Yes i like computers'),
(63, 'I dont like computers'),
(64, 'Yes i think math is easy'),
(64, 'Math is not easy'),
(65, 'Yes i like to solve'),
(65, 'No i dont like to solve'),
(66, 'Yes im interested in computer languages'),
(66, 'No im not interested in computer languages'),
(67, 'Yes i enjoy science and mathematics'),
(67, 'Science and mathematics are not my favorite'),
(68, 'Yes im interested in solving real world problems and challenges'),
(68, 'Im not interested in solving real world problems and challenges'),
(69, 'I think im skilled at mathematics'),
(69, 'I think im not good at mathematics'),
(70, 'I have patience to learn long equations'),
(70, 'I dont have patience to learn long equations'),
(71, 'I have patience to explain mathematical theories to prove my point'),
(71, 'I dont have patience to explain mathematical theories'),
(72, 'HUMMS'),
(73, 'Yes i like to enhance my speaking skills'),
(73, 'I dont like to enhance my speaking skills'),
(74, 'I want to focus on the study of human behavior'),
(74, 'I dont want to focus on the study of human behavior'),
(75, 'Political science interest me'),
(75, 'Political science is not interesting'),
(76, 'Yes im good at writing public speaking and statistics'),
(76, 'Im not good at writing public speaking and statistics');

-- --------------------------------------------------------

--
-- Table structure for table `response_list`
--

CREATE TABLE `response_list` (
  `id` int(30) NOT NULL,
  `response` text NOT NULL,
  `status` tinyint(1) NOT NULL DEFAULT 1,
  `date_created` datetime NOT NULL DEFAULT current_timestamp(),
  `date_updated` datetime NOT NULL DEFAULT current_timestamp() ON UPDATE current_timestamp()
) ENGINE=InnoDB DEFAULT CHARSET=utf8mb4;

--
-- Dumping data for table `response_list`
--

INSERT INTO `response_list` (`id`, `response`, `status`, `date_created`, `date_updated`) VALUES
(8, '<p>Pick a strand that you want to dive in.<br>Take note that take the quiz seriously and list down your answers as we assess the results of the quiz at the end of the quiz.</p>', 1, '2022-05-05 15:31:31', '2022-12-09 21:03:07'),
(9, '<p><span id=\"docs-internal-guid-5a55cef4-7fff-b106-b42b-8faac7f16978\"><span style=\"font-size: 11pt; font-family: Calibri, sans-serif; color: rgb(0, 0, 0); background-color: transparent; font-variant-numeric: normal; font-variant-east-asian: normal; vertical-align: baseline; white-space: pre-wrap;\">Do you think you can excel in any subject?</span></span><br></p>', 1, '2022-12-11 09:23:56', '2022-12-11 09:23:56'),
(10, '<p><span id=\"docs-internal-guid-a0128c0c-7fff-7bcc-9f2e-a42865e34ff6\"><span style=\"font-size: 11pt; font-family: Calibri, sans-serif; color: rgb(0, 0, 0); background-color: transparent; font-variant-numeric: normal; font-variant-east-asian: normal; vertical-align: baseline; white-space: pre-wrap;\">Are you interested in Organization Management?</span></span><br></p>', 1, '2022-12-11 09:28:26', '2022-12-11 09:28:26'),
(11, '<p><span id=\"docs-internal-guid-a11a8708-7fff-e584-cde7-638b88799fd4\"><span style=\"font-size: 11pt; font-family: Calibri, sans-serif; color: rgb(0, 0, 0); background-color: transparent; font-variant-numeric: normal; font-variant-east-asian: normal; vertical-align: baseline; white-space: pre-wrap;\">Do you want to pursue General Education?</span></span><br></p>', 1, '2022-12-11 09:31:57', '2022-12-11 09:43:45'),
(12, '<p><span id=\"docs-internal-guid-5c350cdc-7fff-8695-4d98-369b20d04f6b\"><span style=\"font-size: 11pt; font-family: Calibri, sans-serif; color: rgb(0, 0, 0); background-color: transparent; font-variant-numeric: normal; font-variant-east-asian: normal; vertical-align: baseline; white-space: pre-wrap;\">Do you want to gain knowledge in Disaster of Readiness and Risk Reduction?</span></span><br></p>', 1, '2022-12-11 09:36:07', '2022-12-11 09:36:07'),
(13, '<p><span id=\"docs-internal-guid-5ed93700-7fff-1257-a07f-0d73f010072d\"><span style=\"font-size: 11pt; font-family: Calibri, sans-serif; color: rgb(0, 0, 0); background-color: transparent; font-variant-numeric: normal; font-variant-east-asian: normal; vertical-align: baseline; white-space: pre-wrap;\">Do you want to hone your creative writing skills?</span></span><br></p>', 1, '2022-12-11 09:38:34', '2022-12-11 09:38:34'),
(14, '<p><span id=\"docs-internal-guid-5d3f872a-7fff-3cf5-b322-708fb1b17797\"><span style=\"font-size: 11pt; font-family: Calibri, sans-serif; color: rgb(0, 0, 0); background-color: transparent; font-variant-numeric: normal; font-variant-east-asian: normal; vertical-align: baseline; white-space: pre-wrap;\">Are you interested in Empowerment Technologies?</span></span><br></p>', 1, '2022-12-11 09:57:10', '2022-12-11 09:57:10'),
(15, '<p><span id=\"docs-internal-guid-d47f8004-7fff-4ad4-85e3-afe74cf2b35a\"></span></p><p dir=\"ltr\" style=\"line-height:1.3800000000000001;margin-top:0pt;margin-bottom:10pt;\"><span style=\"font-size:11pt;font-family:Calibri,sans-serif;color:#000000;background-color:transparent;font-weight:400;font-style:normal;font-variant:normal;text-decoration:none;vertical-align:baseline;white-space:pre;white-space:pre-wrap;\">Have you thought about developing your communication skills?</span></p>', 1, '2022-12-11 10:04:47', '2022-12-11 10:04:47'),
(16, '<p><span id=\"docs-internal-guid-8568432d-7fff-53f9-8fe1-5030bd4bbde9\"><span style=\"font-size: 11pt; font-family: Calibri, sans-serif; color: rgb(0, 0, 0); background-color: transparent; font-variant-numeric: normal; font-variant-east-asian: normal; vertical-align: baseline; white-space: pre-wrap;\">Are you not sure of what course to take in college?</span></span><br></p>', 1, '2022-12-11 10:10:03', '2022-12-11 10:10:03'),
(17, '<p><span id=\"docs-internal-guid-77dd2abb-7fff-bed4-86c4-c6bcbc601662\"><span style=\"font-size: 11pt; font-family: Calibri, sans-serif; color: rgb(0, 0, 0); background-color: transparent; font-variant-numeric: normal; font-variant-east-asian: normal; vertical-align: baseline; white-space: pre-wrap;\">Do you want to be a teacher?</span></span><br></p>', 1, '2022-12-11 10:12:54', '2022-12-11 10:12:54'),
(18, '<p><span id=\"docs-internal-guid-6105b6f8-7fff-bbcc-1fd6-950fce1d3b05\"><span style=\"font-size: 11pt; font-family: Calibri, sans-serif; color: rgb(0, 0, 0); background-color: transparent; font-variant-numeric: normal; font-variant-east-asian: normal; vertical-align: baseline; white-space: pre-wrap;\">Do you want to focus on general knowledge?</span></span><br></p>', 1, '2022-12-11 10:15:09', '2022-12-11 10:15:09'),
(19, '<p><span id=\"docs-internal-guid-b70afdb1-7fff-279f-9635-20ffb2137d03\"><span style=\"font-size: 11pt; font-family: Calibri, sans-serif; color: rgb(0, 0, 0); background-color: transparent; font-variant-numeric: normal; font-variant-east-asian: normal; vertical-align: baseline; white-space: pre-wrap;\">Do you want to learn more and dig deeper without any restrictions?</span></span><br></p>', 1, '2022-12-11 17:46:31', '2022-12-11 17:46:31'),
(20, '<p><span id=\"docs-internal-guid-7cf52982-7fff-dfff-f347-d87ea58b7c5d\"><span style=\"font-size: 11pt; font-family: Calibri, sans-serif; color: rgb(0, 0, 0); background-color: transparent; font-variant-numeric: normal; font-variant-east-asian: normal; vertical-align: baseline; white-space: pre-wrap;\">Do you want to learn and weigh your options while doing them both at the same time?</span></span><br></p>', 1, '2022-12-11 17:50:02', '2022-12-11 17:50:02'),
(21, '<p><span id=\"docs-internal-guid-c61ac73d-7fff-4c90-a039-6928786c4653\"><span style=\"font-size: 11pt; font-family: Calibri, sans-serif; color: rgb(0, 0, 0); background-color: transparent; font-variant-numeric: normal; font-variant-east-asian: normal; vertical-align: baseline; white-space: pre-wrap;\">&nbsp;Do you want to learn everything without focusing on a specific subject?</span></span><br></p>', 1, '2022-12-11 19:28:44', '2022-12-11 19:28:44'),
(22, '<p><span id=\"docs-internal-guid-3f77a1ef-7fff-8332-c1f9-2287f42928c2\"><span style=\"font-size: 11pt; font-family: Calibri, sans-serif; color: rgb(0, 0, 0); background-color: transparent; font-variant-numeric: normal; font-variant-east-asian: normal; vertical-align: baseline; white-space: pre-wrap;\">Are you indecisive about the course that you will be taking in college?</span></span><br></p>', 1, '2022-12-11 19:30:35', '2022-12-11 19:30:35'),
(23, '<p><span id=\"docs-internal-guid-8575bdfa-7fff-9d1b-3c5b-2ed9d1c20ef8\"><span style=\"font-size: 11pt; font-family: Calibri, sans-serif; color: rgb(0, 0, 0); background-color: transparent; font-variant-numeric: normal; font-variant-east-asian: normal; vertical-align: baseline; white-space: pre-wrap;\">Do you have more time on figuring out what you want to be in the future?</span></span><br></p>', 1, '2022-12-11 19:31:53', '2022-12-11 19:31:53'),
(24, '<p><span id=\"docs-internal-guid-13f6e080-7fff-84d5-36f9-68c64f7a236a\"><span style=\"font-size: 11pt; font-family: Calibri, sans-serif; color: rgb(0, 0, 0); background-color: transparent; font-variant-numeric: normal; font-variant-east-asian: normal; vertical-align: baseline; white-space: pre-wrap;\">Do you want to explore more before focusing on a specific course in college?</span></span><br></p>', 1, '2022-12-17 18:32:03', '2022-12-17 18:32:03'),
(25, '<p><span id=\"docs-internal-guid-91e30b47-7fff-aef3-7662-14318a441962\"><span style=\"font-size: 11pt; font-family: Calibri, sans-serif; color: rgb(0, 0, 0); background-color: transparent; font-variant-numeric: normal; font-variant-east-asian: normal; vertical-align: baseline; white-space: pre-wrap;\">Do you think you should have a general knowledge in all subjects so that you can have more options before going to college?</span></span><br></p>', 1, '2022-12-17 18:43:43', '2022-12-17 18:43:43'),
(26, '<p><span id=\"docs-internal-guid-5554812d-7fff-68ee-1aa4-85bd8c00308f\"><span style=\"font-size: 11pt; font-family: Calibri, sans-serif; color: rgb(0, 0, 0); background-color: transparent; font-variant-numeric: normal; font-variant-east-asian: normal; vertical-align: baseline; white-space: pre-wrap;\">Do you want to have freedom to explore your options first before entering college?</span></span><br></p>', 1, '2022-12-17 18:47:59', '2022-12-17 18:47:59'),
(27, '<p><span id=\"docs-internal-guid-a84dc815-7fff-3b56-4016-1bf062d23407\"><span style=\"font-size: 11pt; font-family: Calibri, sans-serif; color: rgb(0, 0, 0); background-color: transparent; font-variant-numeric: normal; font-variant-east-asian: normal; vertical-align: baseline; white-space: pre-wrap;\">Do you want to have more opportunities to open up for you?</span></span><br></p>', 1, '2022-12-17 18:52:14', '2022-12-17 18:52:14'),
(28, '<p><span id=\"docs-internal-guid-c654cd13-7fff-7b3b-fb94-8ebdd35d2d04\"><span style=\"font-size: 11pt; font-family: Calibri, sans-serif; color: rgb(0, 0, 0); background-color: transparent; font-variant-numeric: normal; font-variant-east-asian: normal; vertical-align: baseline; white-space: pre-wrap;\">Do you think you can be anyone you like in the future?</span></span><br></p>', 1, '2022-12-17 18:54:47', '2022-12-17 18:54:47'),
(29, '<p><span id=\"docs-internal-guid-559ffbf0-7fff-ebd0-3740-492232cc496d\"><span style=\"font-size: 11pt; font-family: Calibri, sans-serif; color: rgb(0, 0, 0); background-color: transparent; font-variant-numeric: normal; font-variant-east-asian: normal; vertical-align: baseline; white-space: pre-wrap;\">Are you interested in learning broader subjects?</span></span><br></p>', 1, '2022-12-17 19:13:30', '2022-12-17 19:13:30'),
(30, '<p><span id=\"docs-internal-guid-1cfb03d5-7fff-9d55-c5b6-2e791c8271bf\"><span style=\"font-size: 11pt; font-family: Calibri, sans-serif; color: rgb(0, 0, 0); background-color: transparent; font-variant-numeric: normal; font-variant-east-asian: normal; vertical-align: baseline; white-space: pre-wrap;\">Are you willing to study mixed subjects so that you can have more options in the future?</span></span><br></p>', 1, '2022-12-17 19:17:01', '2022-12-17 19:17:01'),
(31, '<p><span id=\"docs-internal-guid-d5fc77f8-7fff-bd59-3916-4926a38c17f6\"><span style=\"font-size: 11pt; font-family: Calibri, sans-serif; color: rgb(0, 0, 0); background-color: transparent; font-variant-numeric: normal; font-variant-east-asian: normal; vertical-align: baseline; white-space: pre-wrap;\">Do you believe that this strand will help you sort out what you will be in the future?</span></span><br></p>', 1, '2022-12-17 19:19:05', '2022-12-17 19:19:05'),
(32, '<p><span id=\"docs-internal-guid-37cf287b-7fff-b006-9531-4e643448ee51\"><span style=\"font-size: 11pt; font-family: Calibri, sans-serif; color: rgb(0, 0, 0); background-color: transparent; font-variant-numeric: normal; font-variant-east-asian: normal; vertical-align: baseline; white-space: pre-wrap;\">Do you think that learning mixed subjects will help you distinguish what you want to be in the future?</span></span><br></p>', 1, '2022-12-17 19:21:44', '2022-12-17 19:21:44'),
(33, '<p><span id=\"docs-internal-guid-5bc8a95d-7fff-7be6-bc00-066dfe71884e\"><span style=\"font-size: 11pt; font-family: Calibri, sans-serif; color: rgb(0, 0, 0); background-color: transparent; font-variant-numeric: normal; font-variant-east-asian: normal; vertical-align: baseline; white-space: pre-wrap;\">Do you want to develop your communication and writing skills more?</span></span><br></p>', 1, '2022-12-17 19:26:47', '2022-12-17 19:26:47'),
(34, '<p><span id=\"docs-internal-guid-ddafd3fe-7fff-39fa-a667-11b8fffd3bf7\"><span style=\"font-size: 11pt; font-family: Calibri, sans-serif; color: rgb(0, 0, 0); background-color: transparent; font-variant-numeric: normal; font-variant-east-asian: normal; vertical-align: baseline; white-space: pre-wrap;\">Do you want to understand history, literature, business marketing, and general mathematics at the same time?</span></span><br></p>', 1, '2022-12-17 21:57:11', '2022-12-17 21:57:11'),
(35, '<p><span id=\"docs-internal-guid-5d8f3f1f-7fff-5a00-c18c-3eaa3595b2b3\"><span style=\"font-size: 11pt; font-family: Calibri, sans-serif; color: rgb(0, 0, 0); background-color: transparent; font-variant-numeric: normal; font-variant-east-asian: normal; vertical-align: baseline; white-space: pre-wrap;\">&nbsp;Do you want to study about the core subjects that can also be found in other strands?</span></span><br></p>', 1, '2022-12-17 21:59:09', '2022-12-17 21:59:09'),
(36, '<p><span id=\"docs-internal-guid-e35459ba-7fff-f3b2-3f32-749c9ff37985\"><span style=\"font-size: 11pt; font-family: Calibri, sans-serif; color: rgb(0, 0, 0); background-color: transparent; font-variant-numeric: normal; font-variant-east-asian: normal; vertical-align: baseline; white-space: pre-wrap;\">Do you think you can focus on studying a wide selection of subjects at the same time?</span></span><br></p>', 1, '2022-12-17 22:01:20', '2022-12-17 22:01:20'),
(37, '<p><span id=\"docs-internal-guid-dcaa1295-7fff-9e1d-c453-f5f704d088e0\"><span style=\"font-size: 11pt; font-family: Calibri, sans-serif; color: rgb(0, 0, 0); background-color: transparent; font-variant-numeric: normal; font-variant-east-asian: normal; vertical-align: baseline; white-space: pre-wrap;\">Do you want to involve yourself in more general areas of study?</span></span><br></p>', 1, '2022-12-17 22:03:59', '2022-12-17 22:03:59'),
(38, '<p><span id=\"docs-internal-guid-fc45a011-7fff-5a6b-b660-29d28bef8857\"><span style=\"font-size: 11pt; font-family: Calibri, sans-serif; color: rgb(0, 0, 0); background-color: transparent; font-variant-numeric: normal; font-variant-east-asian: normal; vertical-align: baseline; white-space: pre-wrap;\">Do you want to master the general areas of study?</span></span><br></p>', 1, '2022-12-17 22:05:21', '2022-12-17 22:05:21'),
(39, '<p>If you answered 15 or more YESes then Congrats! You passed the quiz Otherwise if you answered 15 or more NO there are 5 more strands that\'s waiting for you<br></p>', 1, '2022-12-18 11:41:40', '2022-12-18 11:41:40'),
(40, '<p><span id=\"docs-internal-guid-d3f8e7e9-7fff-b5b7-ad01-896212711f5b\"><span style=\"font-size: 10.5pt; font-family: Roboto, sans-serif; background-color: transparent; font-variant-numeric: normal; font-variant-east-asian: normal; vertical-align: baseline; white-space: pre-wrap;\">Thank you for using this botAI do you want to restart?</span></span><br></p>', 1, '2022-12-18 12:19:25', '2022-12-18 12:19:25'),
(41, '<p><span id=\"docs-internal-guid-58d437cf-7fff-faec-46c1-f6a17e4dd8ec\"><span style=\"font-size: 11pt; font-family: Calibri, sans-serif; color: rgb(0, 0, 0); background-color: transparent; font-variant-numeric: normal; font-variant-east-asian: normal; vertical-align: baseline; white-space: pre-wrap;\">Are you good in subjects such as Math, Science, and English?</span></span><br></p>', 1, '2022-12-18 12:26:24', '2022-12-18 12:26:24'),
(42, '<p><span id=\"docs-internal-guid-52960a64-7fff-e20a-6886-e3b99af2b109\"><span style=\"font-size: 11pt; font-family: Calibri, sans-serif; color: rgb(0, 0, 0); background-color: transparent; font-variant-numeric: normal; font-variant-east-asian: normal; vertical-align: baseline; white-space: pre-wrap;\">Are your hobbies related to Science, English, and Math?</span></span><br></p>', 1, '2022-12-18 12:52:29', '2022-12-18 12:52:29'),
(43, '<p><span id=\"docs-internal-guid-1768c467-7fff-2988-dabf-4a3d3be2a6fd\"><span style=\"font-size: 11pt; font-family: Calibri, sans-serif; color: rgb(0, 0, 0); background-color: transparent; font-variant-numeric: normal; font-variant-east-asian: normal; vertical-align: baseline; white-space: pre-wrap;\">Do you want to be a medtech, engineer, architect, or a biologist in the future?</span></span><br></p>', 1, '2022-12-18 12:54:23', '2022-12-18 12:54:23'),
(44, '<p><span id=\"docs-internal-guid-8c58496b-7fff-202d-5207-4d38a9b6eb86\"><span style=\"font-size: 11pt; font-family: Calibri, sans-serif; color: rgb(0, 0, 0); background-color: transparent; font-variant-numeric: normal; font-variant-east-asian: normal; vertical-align: baseline; white-space: pre-wrap;\">Are you interested in innovation?</span></span><br></p>', 1, '2022-12-18 13:18:38', '2022-12-18 13:18:38'),
(45, '<p><span id=\"docs-internal-guid-49d185cc-7fff-a4bf-da0c-3387879e7e39\"><span style=\"font-size: 11pt; font-family: Calibri, sans-serif; color: rgb(0, 0, 0); background-color: transparent; font-variant-numeric: normal; font-variant-east-asian: normal; vertical-align: baseline; white-space: pre-wrap;\">Do you consider yourself a critical thinker?</span></span><br></p>', 1, '2022-12-18 13:21:05', '2022-12-18 13:21:05'),
(46, '<p><span id=\"docs-internal-guid-ab834c20-7fff-3580-c647-2aeb9ef4dd2a\"><span style=\"font-size: 11pt; font-family: Calibri, sans-serif; color: rgb(0, 0, 0); background-color: transparent; font-variant-numeric: normal; font-variant-east-asian: normal; vertical-align: baseline; white-space: pre-wrap;\">Do you interested in robotics?</span></span><br></p>', 1, '2022-12-18 18:39:55', '2022-12-18 18:39:55'),
(47, '<p><span id=\"docs-internal-guid-9c6abb81-7fff-ed0e-8cd4-374c0eab33da\"><span style=\"font-size: 11pt; font-family: Calibri, sans-serif; color: rgb(0, 0, 0); background-color: transparent; font-variant-numeric: normal; font-variant-east-asian: normal; vertical-align: baseline; white-space: pre-wrap;\">Are you willing to learn how the AI and machine language works?</span></span><br></p>', 1, '2022-12-18 18:41:33', '2022-12-18 18:41:33'),
(48, '<p><span id=\"docs-internal-guid-7a594edc-7fff-319a-37f6-f447e157da53\"><span style=\"font-size: 11pt; font-family: Calibri, sans-serif; color: rgb(0, 0, 0); background-color: transparent; font-variant-numeric: normal; font-variant-east-asian: normal; vertical-align: baseline; white-space: pre-wrap;\">Are you interested in undergo an experiments?</span></span><br></p>', 1, '2022-12-18 18:43:44', '2022-12-18 18:43:44'),
(49, '<p><span id=\"docs-internal-guid-2a65b2a2-7fff-e91f-54cf-eb750d37942f\"><span style=\"font-size: 11pt; font-family: Calibri, sans-serif; color: rgb(0, 0, 0); background-color: transparent; font-variant-numeric: normal; font-variant-east-asian: normal; vertical-align: baseline; white-space: pre-wrap;\">Are you interested in unique earth science?</span></span><br></p>', 1, '2022-12-18 19:15:22', '2022-12-18 19:15:22'),
(50, '<p><span id=\"docs-internal-guid-4d4bb837-7fff-0107-9dbd-ce6e70e64aa9\"><span style=\"font-size: 11pt; font-family: Calibri, sans-serif; color: rgb(0, 0, 0); background-color: transparent; font-variant-numeric: normal; font-variant-east-asian: normal; vertical-align: baseline; white-space: pre-wrap;\">Do you like phenomenon like meteorology and continental drifts?</span></span><br></p>', 1, '2022-12-18 19:17:41', '2022-12-18 19:17:41'),
(51, '<p><span id=\"docs-internal-guid-f2c37f8c-7fff-caee-5131-15a233a6e05e\"><span style=\"font-size: 11pt; font-family: Calibri, sans-serif; color: rgb(0, 0, 0); background-color: transparent; font-variant-numeric: normal; font-variant-east-asian: normal; vertical-align: baseline; white-space: pre-wrap;\">Are you curious about the evidences like fossils?</span></span><br></p>', 1, '2022-12-18 19:23:40', '2022-12-18 19:23:40'),
(52, '<p><span id=\"docs-internal-guid-45452efc-7fff-8084-0154-fec181da5bf2\"><span style=\"font-size: 11pt; font-family: Calibri, sans-serif; color: rgb(0, 0, 0); background-color: transparent; font-variant-numeric: normal; font-variant-east-asian: normal; vertical-align: baseline; white-space: pre-wrap;\">Do you want to be a scientist?</span></span><br></p>', 1, '2022-12-21 18:39:09', '2022-12-21 18:39:09'),
(53, '<p><span id=\"docs-internal-guid-59fe1348-7fff-5cb8-3b0b-9585ecafaf8e\"><span style=\"font-size: 11pt; font-family: Calibri, sans-serif; color: rgb(0, 0, 0); background-color: transparent; font-variant-numeric: normal; font-variant-east-asian: normal; vertical-align: baseline; white-space: pre-wrap;\">Have you always been a math wiz?</span></span><br></p>', 1, '2022-12-21 18:40:48', '2022-12-21 18:40:48'),
(54, '<p><span id=\"docs-internal-guid-72772f1a-7fff-d2d1-f6d5-ae01460a4f9b\"><span style=\"font-size: 11pt; font-family: Calibri, sans-serif; color: rgb(0, 0, 0); background-color: transparent; font-variant-numeric: normal; font-variant-east-asian: normal; vertical-align: baseline; white-space: pre-wrap;\">Do numbers and equations excite you?</span></span><br></p>', 1, '2022-12-21 18:42:49', '2022-12-21 18:42:49'),
(55, '<p><span id=\"docs-internal-guid-658cc0a9-7fff-8485-60ad-6611fd1498f6\"><span style=\"font-size: 11pt; font-family: Calibri, sans-serif; color: rgb(0, 0, 0); background-color: transparent; font-variant-numeric: normal; font-variant-east-asian: normal; vertical-align: baseline; white-space: pre-wrap;\"> Do you want to become a great economist?</span></span><br></p>', 1, '2022-12-21 18:43:53', '2022-12-21 18:45:52'),
(56, '<p><span id=\"docs-internal-guid-11de3249-7fff-812b-561c-5e0fbcce4246\"><span style=\"font-size: 11pt; font-family: Calibri, sans-serif; color: rgb(0, 0, 0); background-color: transparent; font-variant-numeric: normal; font-variant-east-asian: normal; vertical-align: baseline; white-space: pre-wrap;\">Do you want to be a mathematician?</span></span><br></p>', 1, '2022-12-21 18:45:58', '2022-12-21 18:45:58'),
(57, '<p><span id=\"docs-internal-guid-f027221c-7fff-a483-391b-81857d306031\"><span style=\"font-size: 11pt; font-family: Calibri, sans-serif; color: rgb(0, 0, 0); background-color: transparent; font-variant-numeric: normal; font-variant-east-asian: normal; vertical-align: baseline; white-space: pre-wrap;\">Have you thought of becoming engineers that could solve problems?</span></span><br></p>', 1, '2022-12-21 18:47:50', '2022-12-21 18:47:50'),
(58, '<p><span id=\"docs-internal-guid-7d277d77-7fff-2f8d-ffc3-0779eb150a08\"><span style=\"font-size: 11pt; font-family: Calibri, sans-serif; color: rgb(0, 0, 0); background-color: transparent; font-variant-numeric: normal; font-variant-east-asian: normal; vertical-align: baseline; white-space: pre-wrap;\">Do you think you\'re good at numbers?</span></span><br></p>', 1, '2022-12-21 18:49:15', '2022-12-21 18:49:15'),
(59, '<p><span id=\"docs-internal-guid-3d36f0ee-7fff-7708-780b-afca165c65a3\"><span style=\"font-size: 11pt; font-family: Calibri, sans-serif; color: rgb(0, 0, 0); background-color: transparent; font-variant-numeric: normal; font-variant-east-asian: normal; vertical-align: baseline; white-space: pre-wrap;\">Does the subject Chemistry attract you?</span></span><br></p>', 1, '2022-12-21 18:51:26', '2022-12-21 18:51:26'),
(60, '<p><span id=\"docs-internal-guid-dd8d7758-7fff-7e8f-37bd-5dac81608174\"><span style=\"font-size: 11pt; font-family: Calibri, sans-serif; color: rgb(0, 0, 0); background-color: transparent; font-variant-numeric: normal; font-variant-east-asian: normal; vertical-align: baseline; white-space: pre-wrap;\">Are you good at drawing?</span></span><br></p>', 1, '2022-12-21 18:52:56', '2022-12-21 18:52:56'),
(61, '<p><span id=\"docs-internal-guid-a83afaa5-7fff-5e9a-97cc-9a30d754a641\"><span style=\"font-size: 11pt; font-family: Calibri, sans-serif; color: rgb(0, 0, 0); background-color: transparent; font-variant-numeric: normal; font-variant-east-asian: normal; vertical-align: baseline; white-space: pre-wrap;\">Do you want to know the importance of science education in the present world?</span></span><br></p>', 1, '2022-12-21 18:56:52', '2022-12-21 18:56:52'),
(62, '<p><span id=\"docs-internal-guid-f48e7510-7fff-8f58-d33d-d68ccad1ced6\"><span style=\"font-size: 11pt; font-family: Calibri, sans-serif; color: rgb(0, 0, 0); background-color: transparent; font-variant-numeric: normal; font-variant-east-asian: normal; vertical-align: baseline; white-space: pre-wrap;\">Do you like computers?</span></span><br></p>', 1, '2022-12-21 18:58:13', '2022-12-21 18:58:13'),
(63, '<p><span id=\"docs-internal-guid-7b3f70e4-7fff-be59-8c5e-b33f2d9b2add\"><span style=\"font-size: 11pt; font-family: Calibri, sans-serif; color: rgb(0, 0, 0); background-color: transparent; font-variant-numeric: normal; font-variant-east-asian: normal; vertical-align: baseline; white-space: pre-wrap;\">Do you think math is easy?</span></span><br></p>', 1, '2022-12-21 18:59:41', '2022-12-21 18:59:41'),
(64, '<p><span id=\"docs-internal-guid-e993ed24-7fff-11a5-1c78-53b2df64abc4\"><span style=\"font-size: 11pt; font-family: Calibri, sans-serif; color: rgb(0, 0, 0); background-color: transparent; font-variant-numeric: normal; font-variant-east-asian: normal; vertical-align: baseline; white-space: pre-wrap;\">Do you like to solve?</span></span><br></p>', 1, '2022-12-21 19:01:04', '2022-12-21 19:01:04'),
(65, '<p><span id=\"docs-internal-guid-604d11a6-7fff-51ff-6e81-1ffc080f070d\"><span style=\"font-size: 11pt; font-family: Calibri, sans-serif; color: rgb(0, 0, 0); background-color: transparent; font-variant-numeric: normal; font-variant-east-asian: normal; vertical-align: baseline; white-space: pre-wrap;\">Are you interested in computer languages?</span></span><br></p>', 1, '2022-12-21 19:02:18', '2022-12-21 19:02:18'),
(66, '<p><span id=\"docs-internal-guid-291e0788-7fff-5d19-5da3-de1385dfe365\"><span style=\"font-size: 11pt; font-family: Calibri, sans-serif; color: rgb(0, 0, 0); background-color: transparent; font-variant-numeric: normal; font-variant-east-asian: normal; vertical-align: baseline; white-space: pre-wrap;\">Do you enjoy science and mathematics content?</span></span><br></p>', 1, '2022-12-22 18:03:30', '2022-12-22 18:03:30'),
(67, '<p><span id=\"docs-internal-guid-f5d06a9f-7fff-2a5b-960a-70f276da1040\"><span style=\"font-size: 11pt; font-family: Calibri, sans-serif; color: rgb(0, 0, 0); background-color: transparent; font-variant-numeric: normal; font-variant-east-asian: normal; vertical-align: baseline; white-space: pre-wrap;\">Are you interested in solving real world problems and challenges?</span></span><br></p>', 1, '2022-12-22 18:05:06', '2022-12-22 18:05:06'),
(68, '<p><span id=\"docs-internal-guid-1836d9f3-7fff-5674-0536-b9ef9d8ae952\"><span style=\"font-size: 11pt; font-family: Calibri, sans-serif; color: rgb(0, 0, 0); background-color: transparent; font-variant-numeric: normal; font-variant-east-asian: normal; vertical-align: baseline; white-space: pre-wrap;\">Do you think you are very skilled at mathematics?</span></span><br></p>', 1, '2022-12-22 18:06:28', '2022-12-22 18:06:28'),
(69, '<p><span id=\"docs-internal-guid-f0937518-7fff-a488-7314-dd166a2d3b7f\"><span style=\"font-size: 11pt; font-family: Calibri, sans-serif; color: rgb(0, 0, 0); background-color: transparent; font-variant-numeric: normal; font-variant-east-asian: normal; vertical-align: baseline; white-space: pre-wrap;\">Do you have patience to learn long equations?</span></span><br></p>', 1, '2022-12-22 18:07:48', '2022-12-22 18:07:48'),
(70, '<p><span id=\"docs-internal-guid-0cb34556-7fff-de3a-8954-8841800d6646\"><span style=\"font-size: 11pt; font-family: Calibri, sans-serif; color: rgb(0, 0, 0); background-color: transparent; font-variant-numeric: normal; font-variant-east-asian: normal; vertical-align: baseline; white-space: pre-wrap;\">Do you have patience to explain mathematical theories to prove your point?</span></span><br></p>', 1, '2022-12-22 18:09:15', '2022-12-22 18:09:15'),
(71, '<p><span id=\"docs-internal-guid-878ab1d4-7fff-d957-bda8-bf9de58346f7\"><span style=\"font-size: 10.5pt; font-family: Roboto, sans-serif; font-variant-numeric: normal; font-variant-east-asian: normal; vertical-align: baseline; white-space: pre-wrap;\">If you answered 15 or more YESes then Congrats! You passed the quiz Otherwise if you answered 15 or more NO there are 5 more strands that\'s waiting for you</span></span><br></p>', 1, '2022-12-22 18:13:31', '2022-12-22 18:13:31'),
(72, '<p><span id=\"docs-internal-guid-2ff2033f-7fff-6510-f432-22f646e2c50a\"><span style=\"font-size: 11pt; font-family: Calibri, sans-serif; color: rgb(0, 0, 0); background-color: transparent; font-variant-numeric: normal; font-variant-east-asian: normal; vertical-align: baseline; white-space: pre-wrap;\">Do you like to enhance your speaking skills?</span></span><br></p>', 1, '2022-12-22 18:15:58', '2022-12-22 18:15:58'),
(73, '<p><span id=\"docs-internal-guid-11f94ade-7fff-83ab-7a2e-b25dfe75f5bd\"><span style=\"font-size: 11pt; font-family: Calibri, sans-serif; color: rgb(0, 0, 0); background-color: transparent; font-variant-numeric: normal; font-variant-east-asian: normal; vertical-align: baseline; white-space: pre-wrap;\">Do you think you want to focus on the study of human behavior?</span></span><br></p>', 1, '2022-12-22 18:17:25', '2022-12-22 18:17:25'),
(74, '<p><span id=\"docs-internal-guid-a1a9d9ea-7fff-8ed4-e536-7d2ef41e0a45\"><span style=\"font-size: 11pt; font-family: Calibri, sans-serif; color: rgb(0, 0, 0); background-color: transparent; font-variant-numeric: normal; font-variant-east-asian: normal; vertical-align: baseline; white-space: pre-wrap;\">Does political science interest you?</span></span><br></p>', 1, '2022-12-22 18:24:31', '2022-12-22 18:24:31'),
(75, '<p><span id=\"docs-internal-guid-60b4db52-7fff-375b-a6a5-0eaf9e3b1f17\"><span style=\"font-size: 11pt; font-family: Calibri, sans-serif; color: rgb(0, 0, 0); background-color: transparent; font-variant-numeric: normal; font-variant-east-asian: normal; vertical-align: baseline; white-space: pre-wrap;\">Are you good at writing, public speaking, and statistics?</span></span><br></p>', 1, '2022-12-22 18:25:42', '2022-12-22 18:25:42'),
(76, '<p><span id=\"docs-internal-guid-b7ed1ec7-7fff-2bd6-5486-fbb11ee1d759\"><span style=\"font-size: 11pt; font-family: Calibri, sans-serif; color: rgb(0, 0, 0); background-color: transparent; font-variant-numeric: normal; font-variant-east-asian: normal; vertical-align: baseline; white-space: pre-wrap;\">Are you interested in law, culture, religion, science, language, and everything in humanity?</span></span><br></p>', 1, '2022-12-22 18:26:45', '2022-12-22 18:26:45');

-- --------------------------------------------------------

--
-- Table structure for table `suggestion_list`
--

CREATE TABLE `suggestion_list` (
  `response_id` int(30) NOT NULL,
  `suggestion` text NOT NULL
) ENGINE=InnoDB DEFAULT CHARSET=utf8mb4;

--
-- Dumping data for table `suggestion_list`
--

INSERT INTO `suggestion_list` (`response_id`, `suggestion`) VALUES
(13, 'I want to hone my creative writing skills'),
(13, 'I dont want to hone my creative writing skills'),
(12, 'Yes I want to gain knowledge about Disaster of Readiness and Risk Reduction'),
(12, 'I dont want to gain knowledge about Disaster of Readiness and Risk Reduction'),
(11, 'Yes I want to pursue General Education'),
(11, 'No I dont want to pursue General Education'),
(10, 'Im interested in Organization Management'),
(10, 'Im not interested in Organization Management'),
(9, 'Yes i can'),
(9, 'I cant'),
(14, 'Im interested in Empowerment Technologies'),
(14, 'Im not interested in Empowerment Technologies'),
(15, 'Yes i thought about developing my communication skills'),
(15, 'No i dont thought about developing my communication skills'),
(16, 'Yes im not sure of what course to take in college'),
(16, 'No im sure of what course to take in college'),
(17, 'Yes i want to be a teacher'),
(17, 'No i dont want to be a teacher'),
(18, 'Yes i want to focus on general knowledge'),
(18, 'No i dont want to focus on general knowledge'),
(19, 'Yes i want to learn more and dig deeper without any restrictions'),
(19, 'No i dont want to learn more and dig deeper without any restrictions'),
(20, 'I want to learn and weigh my options while doing them both at the same time'),
(20, 'I dont want to learn and weigh my options while doing them both at the same time'),
(21, 'Yes i want to learn everything without focusing on a specific subject'),
(21, 'I dont want to learn everything without focusing on a specific subject'),
(22, 'Im indecisive about the course that you will be taking in college'),
(22, 'Im not indecisive about the course that you will be taking in college'),
(23, 'I have more time on figuring out what you want to be in the future'),
(23, 'I dont have more time on figuring out what you want to be in the future'),
(24, 'Yes i want to explore more before focusing on a specific course in college'),
(24, 'I dont want to explore more before focusing on a specific course in college'),
(25, 'Yes i think i should have a general knowledge in all subjects'),
(25, 'No i shouldnt need a general knowledge in all subjects'),
(26, 'Yes i want freedom to explore more options before entering college'),
(26, 'No i dont want to explore'),
(27, 'Yes i want more opportunities'),
(27, 'I dont want opportunities'),
(28, 'Yes i think i can be anyone i like in the future'),
(28, 'I dont think i can be anyone i like in the future'),
(29, 'I am interested in learning broader subjects'),
(29, 'I am not interested in learning broader subjects'),
(30, 'Yes im willing to study mixed subjects so that i can have more options in the future'),
(30, 'Im not willing to study mixed subjects'),
(31, 'Yes i believe that this strand will help me sort out what you will be in the future'),
(31, 'I dont believe that this strand will help me sort out what you will be in the future'),
(32, 'Yes i think that learning mixed subjects will help me'),
(32, 'I dont think that learning mixed subjects will not help me'),
(33, 'I want to develop my communication and writing skills'),
(33, 'I dont to develop my communication and writing skills'),
(34, 'Yes i want to understand all of this'),
(34, 'No i dont want to understand all of this'),
(35, 'Yes i want to study about the core subjects that can also be found in other strands'),
(35, 'No i dont want to study about the core subjects that can also be found in other strands'),
(36, 'Yes i can focus'),
(36, 'No i cant focus'),
(37, 'Yes i want to involve myself in more general areas of study'),
(37, 'I dont want to involve myself in more general areas of study'),
(38, 'I want to master the general areas of study'),
(38, 'I dont want to master the general areas of study'),
(8, 'GAS'),
(8, 'STEM'),
(8, 'HUMMS'),
(8, 'ABM'),
(8, 'ICT'),
(8, 'ARTS AND DESIGN'),
(40, 'Lets Gooo'),
(39, 'Pick New Stand'),
(39, 'Done'),
(41, 'Yes im good in subjects such as Math Science and English'),
(41, 'No im not good in subjects such as Math Science and English'),
(42, 'Yes my hobbies are related to Science English and Math'),
(42, 'My hobbies are not related on Science English and Math'),
(43, 'Yes i want to be a medtech engineer architect or a biologist in the future'),
(43, 'I dont want to be a medtech engineer architect or a biologist'),
(44, 'Yes im interested in innovation'),
(44, 'No im not interested in innovation'),
(45, 'Yes i consider myself a critical thinker'),
(45, 'No i dont consider myself a critical thinker'),
(46, 'Im interested in robotics'),
(46, 'Im not interested in robotics'),
(47, 'Yes i am willing to learn how the AI and machine language works'),
(47, 'No im not willing to learn how the AI and machine language works'),
(48, 'Yes i am interested to undergo an experiments'),
(48, 'Im not interested to undergo an experiments'),
(49, 'Yes im interested in unique earth science'),
(49, 'Im not interested in unique earth science'),
(50, 'I like phenomenon like meteorology and continental drifts'),
(50, 'Im not interested on phenomenons'),
(51, 'Yes im curious about the evidences like fossils'),
(51, 'Im not curious about the evidences like fossils'),
(52, 'Yes i want to be a scientist'),
(52, 'No i dont want to be a scientist'),
(53, 'Yes i always been a math wiz'),
(53, 'No im math wiz'),
(54, 'Yes numbers and equations excite me'),
(54, 'Numbers and equations are not exciting'),
(55, 'Yes i want to become a great economist'),
(55, 'I dont want to become a great economist'),
(56, 'Yes i want to be a mathematician'),
(56, 'No i dont want to be a mathematician'),
(57, 'Yes i thought of becoming engineers that could solve problems'),
(57, 'No i thought of becoming engineers that could solve problems'),
(58, 'Yes i think im good at numbers'),
(58, 'I dont think im good at numbers'),
(59, 'Yes Chemistry attract me'),
(59, 'Chemistry does not attract me'),
(60, 'Yes im good at drawing'),
(60, 'No im not good at drawing'),
(61, 'Yes i want to know the importance of science education'),
(61, 'I dont want to know the importance of science education'),
(62, 'Yes i like computers'),
(62, 'I dont like computers'),
(63, 'Yes i think math is easy'),
(63, 'Math is not easy'),
(64, 'Yes i like to solve'),
(64, 'No i dont like to solve'),
(65, 'Yes im interested in computer languages'),
(65, 'No im not interested in computer languages'),
(66, 'Yes i enjoy science and mathematics'),
(66, 'Science and mathematics are not my favorite'),
(67, 'Yes im interested in solving real world problems and challenges'),
(67, 'Im not interested in solving real world problems and challenges'),
(68, 'I think im skilled at mathematics'),
(68, 'I think im not good at mathematics'),
(69, 'I have patience to learn long equations'),
(69, 'I dont have patience to learn long equations'),
(70, 'I have patience to explain mathematical theories to prove my point'),
(70, 'I dont have patience to explain mathematical theories'),
(71, 'Pick New Stand'),
(71, 'Done'),
(72, 'Yes i like to enhance my speaking skills'),
(72, 'I dont like to enhance my speaking skills'),
(73, 'I want to focus on the study of human behavior'),
(73, 'I dont want to focus on the study of human behavior'),
(74, 'Political science interest me'),
(74, 'Political science is not interesting'),
(75, 'Yes im good at writing public speaking and statistics'),
(75, 'Im not good at writing public speaking and statistics'),
(76, 'Yes im interested in law culture religion science language and everything in humanity'),
(76, 'Im not interested in law culture religion science language and everything in humanity');

-- --------------------------------------------------------

--
-- Table structure for table `system_info`
--

CREATE TABLE `system_info` (
  `id` int(30) NOT NULL,
  `meta_field` text NOT NULL,
  `meta_value` text NOT NULL
) ENGINE=InnoDB DEFAULT CHARSET=utf8mb4;

--
-- Dumping data for table `system_info`
--

INSERT INTO `system_info` (`id`, `meta_field`, `meta_value`) VALUES
(1, 'name', 'Chat Bot'),
(6, 'short_name', 'BOT.AI'),
(11, 'logo', 'uploads/logo.png?v=1670639065'),
(13, 'user_avatar', 'uploads/user_avatar.jpg'),
(14, 'cover', 'uploads/cover.png?v=1670628927'),
(15, 'no_answer', '<p>Sorry, I don&apos;t have any response to your query. Try to rephrase or rewrite your query. Thanks!</p>'),
(16, 'suggestion', '[\"Lets Gooo\",\"\",\"\"]'),
(17, 'welcome_message', '<p>Are you ready to put your mind to the test and pick the right strand for you to take when you reach Senior High School?<br>If yes, then let&apos;s start!  </p>'),
(18, 'bot_name', 'ChattyBot'),
(19, 'isDisable', 'Enable');

-- --------------------------------------------------------

--
-- Table structure for table `users`
--

CREATE TABLE `users` (
  `id` int(50) NOT NULL,
  `firstname` varchar(250) NOT NULL,
  `lastname` varchar(250) NOT NULL,
  `username` text NOT NULL,
  `password` text NOT NULL,
  `avatar` text DEFAULT NULL,
  `last_login` datetime DEFAULT NULL,
  `type` tinyint(1) NOT NULL DEFAULT 0,
  `date_added` datetime NOT NULL DEFAULT current_timestamp(),
  `date_updated` datetime DEFAULT current_timestamp() ON UPDATE current_timestamp()
) ENGINE=InnoDB DEFAULT CHARSET=utf8mb4;

--
-- Dumping data for table `users`
--

INSERT INTO `users` (`id`, `firstname`, `lastname`, `username`, `password`, `avatar`, `last_login`, `type`, `date_added`, `date_updated`) VALUES
(1, 'Adminstrator', 'Admin', 'admin', '0192023a7bbd73250516f069df18b500', 'uploads/avatars/1.png?v=1649834664', NULL, 1, '2021-01-20 14:02:37', '2022-04-13 15:24:24'),
(5, 'stafFname', 'stafLname', 'stafUname', 'e807f1fcf82d132f9bb018ca6738a19f', NULL, NULL, 2, '2022-12-09 22:52:27', '2022-12-09 22:52:27'),
(6, 'Enchong', 'Dee Vera', 'Enchong', '0192023a7bbd73250516f069df18b500', NULL, NULL, 1, '2022-12-09 22:53:05', '2022-12-09 22:53:05');

--
-- Indexes for dumped tables
--

--
-- Indexes for table `keyword_fetched`
--
ALTER TABLE `keyword_fetched`
  ADD KEY `response_id` (`response_id`);

--
-- Indexes for table `keyword_list`
--
ALTER TABLE `keyword_list`
  ADD KEY `response_id` (`response_id`);

--
-- Indexes for table `response_list`
--
ALTER TABLE `response_list`
  ADD PRIMARY KEY (`id`);

--
-- Indexes for table `suggestion_list`
--
ALTER TABLE `suggestion_list`
  ADD KEY `response_id` (`response_id`);

--
-- Indexes for table `system_info`
--
ALTER TABLE `system_info`
  ADD PRIMARY KEY (`id`);

--
-- Indexes for table `users`
--
ALTER TABLE `users`
  ADD PRIMARY KEY (`id`);

--
-- AUTO_INCREMENT for dumped tables
--

--
-- AUTO_INCREMENT for table `response_list`
--
ALTER TABLE `response_list`
  MODIFY `id` int(30) NOT NULL AUTO_INCREMENT, AUTO_INCREMENT=77;

--
-- AUTO_INCREMENT for table `system_info`
--
ALTER TABLE `system_info`
  MODIFY `id` int(30) NOT NULL AUTO_INCREMENT, AUTO_INCREMENT=20;

--
-- AUTO_INCREMENT for table `users`
--
ALTER TABLE `users`
  MODIFY `id` int(50) NOT NULL AUTO_INCREMENT, AUTO_INCREMENT=7;

--
-- Constraints for dumped tables
--

--
-- Constraints for table `keyword_fetched`
--
ALTER TABLE `keyword_fetched`
  ADD CONSTRAINT `response_id_fk_kf` FOREIGN KEY (`response_id`) REFERENCES `response_list` (`id`) ON DELETE CASCADE ON UPDATE NO ACTION;

--
-- Constraints for table `keyword_list`
--
ALTER TABLE `keyword_list`
  ADD CONSTRAINT `response_id_fk_kl` FOREIGN KEY (`response_id`) REFERENCES `response_list` (`id`) ON DELETE CASCADE ON UPDATE NO ACTION;

--
-- Constraints for table `suggestion_list`
--
ALTER TABLE `suggestion_list`
  ADD CONSTRAINT `response_id_fk_sl` FOREIGN KEY (`response_id`) REFERENCES `response_list` (`id`) ON DELETE CASCADE ON UPDATE NO ACTION;
COMMIT;

/*!40101 SET CHARACTER_SET_CLIENT=@OLD_CHARACTER_SET_CLIENT */;
/*!40101 SET CHARACTER_SET_RESULTS=@OLD_CHARACTER_SET_RESULTS */;
/*!40101 SET COLLATION_CONNECTION=@OLD_COLLATION_CONNECTION */;
