-- phpMyAdmin SQL Dump
-- version 5.1.1
-- https://www.phpmyadmin.net/
--
-- Host: 127.0.0.1
-- Generation Time: Dec 25, 2022 at 01:50 AM
-- Server version: 10.4.22-MariaDB
-- PHP Version: 7.4.27

SET SQL_MODE = "NO_AUTO_VALUE_ON_ZERO";
START TRANSACTION;
SET time_zone = "+00:00";


/*!40101 SET @OLD_CHARACTER_SET_CLIENT=@@CHARACTER_SET_CLIENT */;
/*!40101 SET @OLD_CHARACTER_SET_RESULTS=@@CHARACTER_SET_RESULTS */;
/*!40101 SET @OLD_COLLATION_CONNECTION=@@COLLATION_CONNECTION */;
/*!40101 SET NAMES utf8mb4 */;

--
-- Database: `chat_bot_db`
--

-- --------------------------------------------------------

--
-- Table structure for table `keyword_fetched`
--

CREATE TABLE `keyword_fetched` (
  `response_id` int(30) NOT NULL,
  `client` text NOT NULL
) ENGINE=InnoDB DEFAULT CHARSET=utf8mb4;

--
-- Dumping data for table `keyword_fetched`
--

INSERT INTO `keyword_fetched` (`response_id`, `client`) VALUES
(8, '::1'),
(8, '::1'),
(8, '::1'),
(8, '::1'),
(8, '::1'),
(8, '::1'),
(8, '::1'),
(8, '::1'),
(8, '::1'),
(8, '::1'),
(8, '::1'),
(8, '::1'),
(8, '::1'),
(8, '::1'),
(8, '::1'),
(8, '::1'),
(8, '::1'),
(8, '::1'),
(8, '::1'),
(8, '::1'),
(9, '::1'),
(8, '::1'),
(9, '::1'),
(10, '::1'),
(8, '::1'),
(9, '::1'),
(10, '::1'),
(8, '::1'),
(9, '::1'),
(10, '::1'),
(8, '::1'),
(9, '::1'),
(10, '::1'),
(8, '::1'),
(9, '::1'),
(10, '::1'),
(8, '::1'),
(9, '::1'),
(10, '::1'),
(8, '::1'),
(9, '::1'),
(8, '::1'),
(9, '::1'),
(10, '::1'),
(11, '::1'),
(12, '::1'),
(13, '::1'),
(8, '::1'),
(8, '::1'),
(9, '::1'),
(10, '::1'),
(11, '::1'),
(12, '::1'),
(13, '::1'),
(14, '::1'),
(8, '::1'),
(9, '::1'),
(10, '::1'),
(11, '::1'),
(12, '::1'),
(13, '::1'),
(14, '::1'),
(15, '::1'),
(8, '::1'),
(9, '::1'),
(10, '::1'),
(11, '::1'),
(12, '::1'),
(13, '::1'),
(14, '::1'),
(15, '::1'),
(16, '::1'),
(8, '::1'),
(9, '::1'),
(10, '::1'),
(11, '::1'),
(12, '::1'),
(13, '::1'),
(14, '::1'),
(15, '::1'),
(16, '::1'),
(17, '::1'),
(18, '::1'),
(8, '::1'),
(9, '::1'),
(10, '::1'),
(11, '::1'),
(12, '::1'),
(13, '::1'),
(14, '::1'),
(15, '::1'),
(16, '::1'),
(17, '::1'),
(18, '::1'),
(19, '::1'),
(8, '::1'),
(9, '::1'),
(10, '::1'),
(11, '::1'),
(12, '::1'),
(13, '::1'),
(14, '::1'),
(15, '::1'),
(16, '::1'),
(17, '::1'),
(18, '::1'),
(19, '::1'),
(20, '::1'),
(21, '::1'),
(22, '::1'),
(23, '::1'),
(8, '::1'),
(9, '::1'),
(10, '::1'),
(11, '::1'),
(12, '::1'),
(13, '::1'),
(14, '::1'),
(15, '::1'),
(16, '::1'),
(17, '::1'),
(18, '::1'),
(19, '::1'),
(20, '::1'),
(21, '::1'),
(22, '::1'),
(23, '::1'),
(24, '::1'),
(25, '::1'),
(26, '::1'),
(27, '::1'),
(28, '::1'),
(8, '::1'),
(9, '::1'),
(10, '::1'),
(11, '::1'),
(12, '::1'),
(13, '::1'),
(14, '::1'),
(15, '::1'),
(16, '::1'),
(17, '::1'),
(18, '::1'),
(19, '::1'),
(20, '::1'),
(21, '::1'),
(22, '::1'),
(23, '::1'),
(24, '::1'),
(25, '::1'),
(26, '::1'),
(27, '::1'),
(28, '::1'),
(29, '::1'),
(30, '::1'),
(31, '::1'),
(32, '::1'),
(33, '::1'),
(34, '::1'),
(35, '::1'),
(36, '::1'),
(37, '::1'),
(38, '::1'),
(39, '::1'),
(8, '::1'),
(9, '::1'),
(10, '::1'),
(11, '::1'),
(12, '::1'),
(13, '::1'),
(14, '::1'),
(15, '::1'),
(16, '::1'),
(17, '::1'),
(18, '::1'),
(19, '::1'),
(20, '::1'),
(21, '::1'),
(22, '::1'),
(23, '::1'),
(24, '::1'),
(25, '::1'),
(26, '::1'),
(27, '::1'),
(28, '::1'),
(29, '::1'),
(30, '::1'),
(31, '::1'),
(32, '::1'),
(33, '::1'),
(34, '::1'),
(35, '::1'),
(36, '::1'),
(37, '::1'),
(38, '::1'),
(39, '::1'),
(8, '::1'),
(9, '::1'),
(10, '::1'),
(11, '::1'),
(12, '::1'),
(13, '::1'),
(14, '::1'),
(15, '::1'),
(16, '::1'),
(17, '::1'),
(18, '::1'),
(19, '::1'),
(20, '::1'),
(21, '::1'),
(22, '::1'),
(23, '::1'),
(24, '::1'),
(25, '::1'),
(26, '::1'),
(27, '::1'),
(28, '::1'),
(29, '::1'),
(30, '::1'),
(31, '::1'),
(32, '::1'),
(33, '::1'),
(34, '::1'),
(35, '::1'),
(36, '::1'),
(37, '::1'),
(38, '::1'),
(39, '::1'),
(8, '::1'),
(9, '::1'),
(10, '::1'),
(11, '::1'),
(12, '::1'),
(13, '::1'),
(14, '::1'),
(15, '::1'),
(16, '::1'),
(17, '::1'),
(18, '::1'),
(19, '::1'),
(20, '::1'),
(21, '::1'),
(22, '::1'),
(23, '::1'),
(24, '::1'),
(25, '::1'),
(26, '::1'),
(27, '::1'),
(28, '::1'),
(29, '::1'),
(30, '::1'),
(31, '::1'),
(32, '::1'),
(33, '::1'),
(34, '::1'),
(35, '::1'),
(36, '::1'),
(37, '::1'),
(38, '::1'),
(39, '::1'),
(8, '::1'),
(8, '::1'),
(9, '::1'),
(10, '::1'),
(11, '::1'),
(12, '::1'),
(13, '::1'),
(14, '::1'),
(15, '::1'),
(16, '::1'),
(17, '::1'),
(18, '::1'),
(19, '::1'),
(20, '::1'),
(21, '::1'),
(22, '::1'),
(23, '::1'),
(24, '::1'),
(25, '::1'),
(26, '::1'),
(27, '::1'),
(28, '::1'),
(29, '::1'),
(30, '::1'),
(31, '::1'),
(32, '::1'),
(33, '::1'),
(34, '::1'),
(35, '::1'),
(36, '::1'),
(37, '::1'),
(38, '::1'),
(39, '::1'),
(8, '::1'),
(8, '::1'),
(9, '::1'),
(10, '::1'),
(11, '::1'),
(12, '::1'),
(13, '::1'),
(14, '::1'),
(15, '::1'),
(16, '::1'),
(17, '::1'),
(18, '::1'),
(19, '::1'),
(20, '::1'),
(21, '::1'),
(22, '::1'),
(23, '::1'),
(24, '::1'),
(25, '::1'),
(26, '::1'),
(27, '::1'),
(28, '::1'),
(29, '::1'),
(30, '::1'),
(31, '::1'),
(32, '::1'),
(33, '::1'),
(34, '::1'),
(35, '::1'),
(36, '::1'),
(37, '::1'),
(38, '::1'),
(39, '::1'),
(39, '::1'),
(39, '::1'),
(39, '::1'),
(39, '::1'),
(39, '::1'),
(39, '::1'),
(8, '::1'),
(39, '::1'),
(39, '::1'),
(39, '::1'),
(39, '::1'),
(8, '::1'),
(8, '::1'),
(8, '::1'),
(9, '::1'),
(10, '::1'),
(39, '::1'),
(39, '::1'),
(39, '::1'),
(39, '::1'),
(8, '::1'),
(8, '::1'),
(8, '::1'),
(39, '::1'),
(40, '::1'),
(8, '::1'),
(8, '::1'),
(41, '::1'),
(8, '::1'),
(41, '::1'),
(42, '::1'),
(8, '::1'),
(41, '::1'),
(42, '::1'),
(43, '::1'),
(8, '::1'),
(41, '::1'),
(42, '::1'),
(43, '::1'),
(8, '::1'),
(41, '::1'),
(42, '::1'),
(43, '::1'),
(44, '::1'),
(45, '::1'),
(8, '::1'),
(41, '::1'),
(42, '::1'),
(43, '::1'),
(44, '::1'),
(45, '::1'),
(46, '::1'),
(47, '::1'),
(48, '::1'),
(49, '::1'),
(50, '::1'),
(8, '::1'),
(41, '::1'),
(42, '::1'),
(43, '::1'),
(44, '::1'),
(45, '::1'),
(46, '::1'),
(47, '::1'),
(48, '::1'),
(49, '::1'),
(50, '::1'),
(51, '::1'),
(52, '::1'),
(53, '::1'),
(54, '::1'),
(55, '::1'),
(56, '::1'),
(57, '::1'),
(58, '::1'),
(59, '::1'),
(60, '::1'),
(8, '::1'),
(41, '::1'),
(42, '::1'),
(43, '::1'),
(44, '::1'),
(45, '::1'),
(46, '::1'),
(47, '::1'),
(48, '::1'),
(49, '::1'),
(50, '::1'),
(51, '::1'),
(52, '::1'),
(53, '::1'),
(54, '::1'),
(55, '::1'),
(56, '::1'),
(57, '::1'),
(58, '::1'),
(59, '::1'),
(60, '::1'),
(61, '::1'),
(62, '::1'),
(63, '::1'),
(64, '::1'),
(65, '::1'),
(8, '::1'),
(41, '::1'),
(42, '::1'),
(43, '::1'),
(44, '::1'),
(45, '::1'),
(46, '::1'),
(47, '::1'),
(48, '::1'),
(49, '::1'),
(50, '::1'),
(51, '::1'),
(52, '::1'),
(53, '::1'),
(54, '::1'),
(55, '::1'),
(56, '::1'),
(57, '::1'),
(58, '::1'),
(59, '::1'),
(60, '::1'),
(61, '::1'),
(62, '::1'),
(63, '::1'),
(64, '::1'),
(65, '::1'),
(66, '::1'),
(67, '::1'),
(68, '::1'),
(69, '::1'),
(70, '::1'),
(71, '::1'),
(40, '::1'),
(8, '::1'),
(8, '::1'),
(72, '::1'),
(8, '::1'),
(72, '::1'),
(73, '::1'),
(74, '::1'),
(75, '::1'),
(8, '::1'),
(8, '::1'),
(72, '::1'),
(73, '::1'),
(74, '::1'),
(75, '::1'),
(8, '::1'),
(72, '::1'),
(73, '::1'),
(74, '::1'),
(75, '::1'),
(8, '::1'),
(72, '::1'),
(73, '::1'),
(74, '::1'),
(75, '::1'),
(76, '::1'),
(8, '::1'),
(72, '::1'),
(73, '::1'),
(74, '::1'),
(75, '::1'),
(76, '::1'),
(8, '::1'),
(72, '::1'),
(8, '::1'),
(72, '::1'),
(73, '::1'),
(74, '::1'),
(75, '::1'),
(76, '::1'),
(77, '::1'),
(78, '::1'),
(79, '::1'),
(80, '::1'),
(81, '::1'),
(82, '::1'),
(83, '::1'),
(84, '::1'),
(85, '::1'),
(86, '::1'),
(8, '::1'),
(72, '::1'),
(73, '::1'),
(74, '::1'),
(75, '::1'),
(76, '::1'),
(77, '::1'),
(78, '::1'),
(79, '::1'),
(80, '::1'),
(81, '::1'),
(82, '::1'),
(83, '::1'),
(84, '::1'),
(85, '::1'),
(86, '::1'),
(8, '::1'),
(72, '::1'),
(73, '::1'),
(74, '::1'),
(75, '::1'),
(76, '::1'),
(77, '::1'),
(78, '::1'),
(79, '::1'),
(80, '::1'),
(81, '::1'),
(82, '::1'),
(83, '::1'),
(84, '::1'),
(85, '::1'),
(86, '::1'),
(87, '::1'),
(88, '::1'),
(89, '::1'),
(90, '::1'),
(91, '::1'),
(8, '::1'),
(72, '::1'),
(73, '::1'),
(74, '::1'),
(75, '::1'),
(76, '::1'),
(77, '::1'),
(78, '::1'),
(79, '::1'),
(80, '::1'),
(81, '::1'),
(82, '::1'),
(83, '::1'),
(84, '::1'),
(85, '::1'),
(86, '::1'),
(87, '::1'),
(88, '::1'),
(89, '::1'),
(90, '::1'),
(91, '::1'),
(8, '::1'),
(72, '::1'),
(73, '::1'),
(74, '::1'),
(75, '::1'),
(76, '::1'),
(77, '::1'),
(78, '::1'),
(79, '::1'),
(80, '::1'),
(81, '::1'),
(82, '::1'),
(83, '::1'),
(84, '::1'),
(85, '::1'),
(86, '::1'),
(87, '::1'),
(88, '::1'),
(89, '::1'),
(90, '::1'),
(91, '::1'),
(92, '::1'),
(93, '::1'),
(94, '::1'),
(95, '::1'),
(96, '::1'),
(97, '::1'),
(98, '::1'),
(46, '::1'),
(47, '::1'),
(48, '::1'),
(49, '::1'),
(50, '::1'),
(51, '::1'),
(52, '::1'),
(53, '::1'),
(54, '::1'),
(55, '::1'),
(56, '::1'),
(57, '::1'),
(58, '::1'),
(59, '::1'),
(60, '::1'),
(61, '::1'),
(62, '::1'),
(63, '::1'),
(64, '::1'),
(65, '::1'),
(66, '::1'),
(67, '::1'),
(68, '::1'),
(69, '::1'),
(70, '::1'),
(71, '::1'),
(8, '::1'),
(72, '::1'),
(73, '::1'),
(74, '::1'),
(75, '::1'),
(76, '::1'),
(77, '::1'),
(78, '::1'),
(79, '::1'),
(80, '::1'),
(81, '::1'),
(82, '::1'),
(83, '::1'),
(84, '::1'),
(85, '::1'),
(86, '::1'),
(87, '::1'),
(88, '::1'),
(89, '::1'),
(90, '::1'),
(91, '::1'),
(92, '::1'),
(93, '::1'),
(94, '::1'),
(95, '::1'),
(96, '::1'),
(97, '::1'),
(98, '::1'),
(46, '::1'),
(47, '::1'),
(48, '::1'),
(49, '::1'),
(50, '::1'),
(51, '::1'),
(52, '::1'),
(53, '::1'),
(54, '::1'),
(55, '::1'),
(56, '::1'),
(57, '::1'),
(58, '::1'),
(59, '::1'),
(60, '::1'),
(61, '::1'),
(62, '::1'),
(63, '::1'),
(64, '::1'),
(65, '::1'),
(66, '::1'),
(67, '::1'),
(68, '::1'),
(69, '::1'),
(70, '::1'),
(71, '::1'),
(40, '::1'),
(8, '::1'),
(72, '::1'),
(73, '::1'),
(74, '::1'),
(75, '::1'),
(76, '::1'),
(77, '::1'),
(78, '::1'),
(79, '::1'),
(80, '::1'),
(81, '::1'),
(82, '::1'),
(83, '::1'),
(84, '::1'),
(85, '::1'),
(86, '::1'),
(87, '::1'),
(88, '::1'),
(89, '::1'),
(90, '::1'),
(91, '::1'),
(92, '::1'),
(93, '::1'),
(94, '::1'),
(95, '::1'),
(96, '::1'),
(97, '::1'),
(98, '::1'),
(46, '::1'),
(8, '::1'),
(72, '::1'),
(73, '::1'),
(74, '::1'),
(75, '::1'),
(76, '::1'),
(77, '::1'),
(78, '::1'),
(79, '::1'),
(80, '::1'),
(81, '::1'),
(82, '::1'),
(83, '::1'),
(84, '::1'),
(85, '::1'),
(86, '::1'),
(87, '::1'),
(88, '::1'),
(89, '::1'),
(90, '::1'),
(91, '::1'),
(92, '::1'),
(93, '::1'),
(94, '::1'),
(95, '::1'),
(96, '::1'),
(97, '::1'),
(98, '::1'),
(99, '::1'),
(100, '::1'),
(101, '::1'),
(8, '::1'),
(72, '::1'),
(73, '::1'),
(74, '::1'),
(75, '::1'),
(76, '::1'),
(77, '::1'),
(78, '::1'),
(79, '::1'),
(80, '::1'),
(81, '::1'),
(82, '::1'),
(83, '::1'),
(84, '::1'),
(85, '::1'),
(86, '::1'),
(87, '::1'),
(88, '::1'),
(89, '::1'),
(90, '::1'),
(91, '::1'),
(92, '::1'),
(93, '::1'),
(94, '::1'),
(95, '::1'),
(96, '::1'),
(97, '::1'),
(98, '::1'),
(99, '::1'),
(100, '::1'),
(101, '::1'),
(8, '::1'),
(72, '::1'),
(73, '::1'),
(74, '::1'),
(75, '::1'),
(76, '::1'),
(77, '::1'),
(78, '::1'),
(79, '::1'),
(80, '::1'),
(80, '::1'),
(81, '::1'),
(82, '::1'),
(83, '::1'),
(84, '::1'),
(85, '::1'),
(86, '::1'),
(87, '::1'),
(88, '::1'),
(89, '::1'),
(90, '::1'),
(91, '::1'),
(92, '::1'),
(93, '::1'),
(94, '::1'),
(95, '::1'),
(96, '::1'),
(97, '::1'),
(98, '::1'),
(99, '::1'),
(100, '::1'),
(101, '::1'),
(39, '::1'),
(40, '::1'),
(8, '::1'),
(8, '::1'),
(102, '::1');

-- --------------------------------------------------------

--
-- Table structure for table `keyword_list`
--

CREATE TABLE `keyword_list` (
  `response_id` int(30) NOT NULL,
  `keyword` text NOT NULL
) ENGINE=InnoDB DEFAULT CHARSET=utf8mb4;

--
-- Dumping data for table `keyword_list`
--

INSERT INTO `keyword_list` (`response_id`, `keyword`) VALUES
(13, 'Yes I want to gain knowledge about Disaster of Readiness and Risk Reduction'),
(13, 'I dont want to gain knowledge about Disaster of Readiness and Risk Reduction'),
(12, 'Yes I want to pursue General Education'),
(12, 'No I dont want to pursue General Education'),
(11, 'Im interested in Organization Management'),
(11, 'Im not interested in Organization Management'),
(10, 'Yes i can'),
(10, 'I cant'),
(9, 'GAS'),
(14, 'I want to hone my creative writing skills'),
(14, 'I dont want to hone my creative writing skills'),
(15, 'Im interested in Empowerment Technologies'),
(15, 'Im not interested in Empowerment Technologies'),
(16, 'Yes i thought about developing my communication skills'),
(16, 'No i dont thought about developing my communication skills'),
(17, 'Yes im not sure of what course to take in college'),
(17, 'No im sure of what course to take in college'),
(18, 'Yes i want to be a teacher'),
(18, 'No i dont want to be a teacher'),
(19, 'Yes i want to focus on general knowledge'),
(19, 'No i dont want to focus on general knowledge'),
(20, 'Yes i want to learn more and dig deeper without any restrictions'),
(20, 'No i dont want to learn more and dig deeper without any restrictions'),
(21, 'I want to learn and weigh my options while doing them both at the same time'),
(21, 'I dont want to learn and weigh my options while doing them both at the same time'),
(22, 'Yes i want to learn everything without focusing on a specific subject'),
(22, 'I dont want to learn everything without focusing on a specific subject'),
(23, 'Im indecisive about the course that you will be taking in college'),
(23, 'Im not indecisive about the course that you will be taking in college'),
(24, 'I have more time on figuring out what you want to be in the future'),
(24, 'I dont have more time on figuring out what you want to be in the future'),
(25, 'Yes i want to explore more before focusing on a specific course in college'),
(25, 'I dont want to explore more before focusing on a specific course in college'),
(26, 'Yes i think i should have a general knowledge in all subjects'),
(26, 'No i shouldnt need a general knowledge in all subjects'),
(27, 'Yes i want freedom to explore more options before entering college'),
(27, 'No i dont want to explore'),
(28, 'Yes i want more opportunities'),
(28, 'I dont want opportunities'),
(29, 'Yes i think i can be anyone i like in the future'),
(29, 'I dont think i can be anyone i like in the future'),
(30, 'I am interested in learning broader subjects'),
(30, 'I am not interested in learning broader subjects'),
(31, 'Yes im willing to study mixed subjects so that i can have more options in the future'),
(31, 'Im not willing to study mixed subjects'),
(32, 'Yes i believe that this strand will help me sort out what you will be in the future'),
(32, 'I dont believe that this strand will help me sort out what you will be in the future'),
(33, 'Yes i think that learning mixed subjects will help me'),
(33, 'I dont think that learning mixed subjects will not help me'),
(34, 'I want to develop my communication and writing skills'),
(34, 'I dont to develop my communication and writing skills'),
(35, 'Yes i want to understand all of this'),
(35, 'No i dont want to understand all of this'),
(36, 'Yes i want to study about the core subjects that can also be found in other strands'),
(36, 'No i dont want to study about the core subjects that can also be found in other strands'),
(37, 'Yes i can focus'),
(37, 'No i cant focus'),
(38, 'Yes i want to involve myself in more general areas of study'),
(38, 'I dont want to involve myself in more general areas of study'),
(8, 'Lets Gooo'),
(8, 'Pick New Stand'),
(40, 'Done'),
(41, 'STEM'),
(42, 'Yes im good in subjects such as Math Science and English'),
(42, 'No im not good in subjects such as Math Science and English'),
(43, 'Yes my hobbies are related to Science English and Math'),
(43, 'My hobbies are not related on Science English and Math'),
(44, 'Yes i want to be a medtech engineer architect or a biologist in the future'),
(44, 'I dont want to be a medtech engineer architect or a biologist'),
(45, 'Yes im interested in innovation'),
(45, 'No im not interested in innovation'),
(46, 'Yes i consider myself a critical thinker'),
(46, 'No i dont consider myself a critical thinker'),
(47, 'Im interested in robotics'),
(47, 'Im not interested in robotics'),
(48, 'Yes i am willing to learn how the AI and machine language works'),
(48, 'No im not willing to learn how the AI and machine language works'),
(49, 'Yes i am interested to undergo an experiments'),
(49, 'Im not interested to undergo an experiments'),
(50, 'Yes im interested in unique earth science'),
(50, 'Im not interested in unique earth science'),
(51, 'I like phenomenon like meteorology and continental drifts'),
(51, 'Im not interested on phenomenons'),
(52, 'Yes im curious about the evidences like fossils'),
(52, 'Im not curious about the evidences like fossils'),
(53, 'Yes i want to be a scientist'),
(53, 'No i dont want to be a scientist'),
(54, 'Yes i always been a math wiz'),
(54, 'No im math wiz'),
(55, 'Yes numbers and equations excite me'),
(55, 'Numbers and equations are not exciting'),
(56, 'Yes i want to become a great economist'),
(56, 'I dont want to become a great economist'),
(57, 'Yes i want to be a mathematician'),
(57, 'No i dont want to be a mathematician'),
(58, 'Yes i thought of becoming engineers that could solve problems'),
(58, 'No i thought of becoming engineers that could solve problems'),
(59, 'Yes i think im good at numbers'),
(59, 'I dont think im good at numbers'),
(60, 'Yes Chemistry attract me'),
(60, 'Chemistry does not attract me'),
(61, 'Yes im good at drawing'),
(61, 'No im not good at drawing'),
(62, 'Yes i want to know the importance of science education'),
(62, 'I dont want to know the importance of science education'),
(63, 'Yes i like computers'),
(63, 'I dont like computers'),
(64, 'Yes i think math is easy'),
(64, 'Math is not easy'),
(65, 'Yes i like to solve'),
(65, 'No i dont like to solve'),
(66, 'Yes im interested in computer languages'),
(66, 'No im not interested in computer languages'),
(67, 'Yes i enjoy science and mathematics'),
(67, 'Science and mathematics are not my favorite'),
(68, 'Yes im interested in solving real world problems and challenges'),
(68, 'Im not interested in solving real world problems and challenges'),
(69, 'I think im skilled at mathematics'),
(69, 'I think im not good at mathematics'),
(70, 'I have patience to learn long equations'),
(70, 'I dont have patience to learn long equations'),
(71, 'I have patience to explain mathematical theories to prove my point'),
(71, 'I dont have patience to explain mathematical theories'),
(72, 'HUMMS'),
(73, 'Yes i like to enhance my speaking skills'),
(73, 'I dont like to enhance my speaking skills'),
(74, 'I want to focus on the study of human behavior'),
(74, 'I dont want to focus on the study of human behavior'),
(75, 'Political science interest me'),
(75, 'Political science is not interesting'),
(76, 'Yes im good at writing public speaking and statistics'),
(76, 'Im not good at writing public speaking and statistics'),
(77, 'Yes im interested in law culture religion science language and everything in humanity'),
(77, 'Im not interested in law culture religion science language and everything in humanity'),
(78, 'I thought about the differences between the social sciences and the humanities'),
(78, 'I Never Thought of the Differences Between the Social Sciences and the Humanities'),
(79, 'Yes You dont have to be rich to get into the social sciences'),
(79, 'No You have to be rich to get into the social sciences'),
(80, 'Yes i want to know the contributions of social science to society'),
(80, 'I dont want to know the contributions of social science to society'),
(81, 'Yes i think i have enough knowledge about social science'),
(81, 'I think i dont have enough knowledge about social science'),
(82, 'Yes i thought about focusing on your reading and writing skills'),
(82, 'No i didnt thought about focusing on your reading and writing skills'),
(83, 'Yes i love reading articles'),
(83, 'No i dont love reading articles'),
(84, 'Yes im interested in blogs'),
(84, 'I dont interested in blogs'),
(85, 'Yes im strong in social science and humanity'),
(85, 'Im weak in social science and humanity'),
(86, 'Yes i want to be a Political Scientist'),
(86, 'I dont want to be a Political Scientist'),
(87, 'Yes i want to study the diversity of human behavior'),
(87, 'I dont want to study the diversity of human behavior'),
(88, 'Im interested in becoming a lawyer'),
(88, 'Im not interested in becoming a lawyer'),
(89, 'Yes debates catch my attention'),
(89, 'Debates didnt catch my attention'),
(90, 'Yes i want to boost my confidence'),
(90, 'No i dont want to boost my confidence'),
(91, 'Yes i want to know the stories essential to human existence'),
(91, 'I dont want to know the stories essential to human existence'),
(92, 'Yes visual arts attract me'),
(92, 'No visual arts didnt attract me'),
(93, 'Yes im good at filming'),
(93, 'No im not good at filming'),
(94, 'Yes i love literature'),
(94, 'I didnt love literature'),
(95, 'Yes im interested in the attributes of great writing'),
(95, 'Im not interested in the attributes of great writing'),
(96, 'Yes i want to be an artist and a critic'),
(96, 'No i dont want to be an artist and a critic'),
(97, 'Yes im interested in studying religious and belief systems'),
(97, 'Im not interested in studying religious and belief systems'),
(100, 'Yes i want to become a historian'),
(100, 'I dont want to become a historian'),
(101, 'Yes i want to become an economist'),
(101, 'I dont want to become an economist'),
(99, 'Iconsider myself a critical thinker'),
(99, 'Ididnt consider myself a critical thinker'),
(98, 'Yes im interested in discussion about moral issues'),
(98, 'Im not interested in discussion about moral issues'),
(39, 'I want to master the general areas of study'),
(39, 'I dont want to master the general areas of study'),
(39, 'Yes iwant to prove theories'),
(39, 'Idont want to prove theories'),
(102, 'ABM'),
(103, 'Yes im good in fraction and percentages'),
(103, 'Im not good in fraction and percentages'),
(104, 'Yes i dream of becoming an accountant in the future'),
(104, 'My dream is not becoming an accountant'),
(105, 'Business interest me'),
(105, 'Business didnt interest me'),
(106, 'Yes im business in mind'),
(106, 'No im not business in mind'),
(107, 'Boss'),
(107, 'Employer'),
(108, 'Yes i like topics like business'),
(108, 'I dont like topics like business'),
(109, 'Yes i want to learn how to manage business'),
(109, 'I dont want to learn how to manage business'),
(110, 'Yes i want to work in different industries'),
(110, 'I dont want to work in different industries'),
(111, 'Yes im willing to take risks for your business'),
(111, 'Im not willing to take risks for your business'),
(112, 'Yes im planing to open my own business in the future'),
(112, 'Im not planing to open my own business in the future'),
(113, 'Yes i want to learn more about how to start up a business'),
(113, 'I dont want to learn about how to start up a business'),
(114, 'Yes i want to know how to operate my own business'),
(114, 'I dont want to know how to operate my own business'),
(115, 'Yes i think i can run a business'),
(115, 'I think i cant run a business'),
(116, 'Yes transactions interest me'),
(116, 'No transactions didnt interest me'),
(117, 'Yes i think that keeping track of business finances is a crucial part of any organization'),
(117, 'I think that keeping track of business finances is a easy'),
(118, 'Yes my family run a business that i will own someday'),
(118, 'We dont have business'),
(119, 'Yes bank transactions interest me'),
(119, 'Bank transactions didnt interest me'),
(120, 'Yes i want to control my own time'),
(120, 'I dont want to control my own time'),
(121, 'Yes im willing to help others grow in terms of business'),
(121, 'I dont willing to help others grow in terms of business'),
(122, 'Yes im interested to learn about investments'),
(122, 'Im not interested to learn about investments'),
(123, 'Yes i think that proper management of finances is a must in life'),
(123, 'No i think that proper management of finances is not a must in life'),
(124, 'Yes i can work with other types of people'),
(124, 'No i cant work with other types of people'),
(125, 'Yes i have a creative mind'),
(125, 'No i dont have a creative mind'),
(126, 'Yes im interested in financial management'),
(126, 'Im not interested in financial management');

-- --------------------------------------------------------

--
-- Table structure for table `response_list`
--

CREATE TABLE `response_list` (
  `id` int(30) NOT NULL,
  `response` text NOT NULL,
  `status` tinyint(1) NOT NULL DEFAULT 1,
  `date_created` datetime NOT NULL DEFAULT current_timestamp(),
  `date_updated` datetime NOT NULL DEFAULT current_timestamp() ON UPDATE current_timestamp()
) ENGINE=InnoDB DEFAULT CHARSET=utf8mb4;

--
-- Dumping data for table `response_list`
--

INSERT INTO `response_list` (`id`, `response`, `status`, `date_created`, `date_updated`) VALUES
(8, '<p>Pick a strand that you want to dive in.<br>Take note that take the quiz seriously and list down your answers as we assess the results of the quiz at the end of the quiz.</p>', 1, '2022-05-05 15:31:31', '2022-12-09 21:03:07'),
(9, '<p><span id=\"docs-internal-guid-5a55cef4-7fff-b106-b42b-8faac7f16978\"><span style=\"font-size: 11pt; font-family: Calibri, sans-serif; color: rgb(0, 0, 0); background-color: transparent; font-variant-numeric: normal; font-variant-east-asian: normal; vertical-align: baseline; white-space: pre-wrap;\">Do you think you can excel in any subject?</span></span><br></p>', 1, '2022-12-11 09:23:56', '2022-12-11 09:23:56'),
(10, '<p><span id=\"docs-internal-guid-a0128c0c-7fff-7bcc-9f2e-a42865e34ff6\"><span style=\"font-size: 11pt; font-family: Calibri, sans-serif; color: rgb(0, 0, 0); background-color: transparent; font-variant-numeric: normal; font-variant-east-asian: normal; vertical-align: baseline; white-space: pre-wrap;\">Are you interested in Organization Management?</span></span><br></p>', 1, '2022-12-11 09:28:26', '2022-12-11 09:28:26'),
(11, '<p><span id=\"docs-internal-guid-a11a8708-7fff-e584-cde7-638b88799fd4\"><span style=\"font-size: 11pt; font-family: Calibri, sans-serif; color: rgb(0, 0, 0); background-color: transparent; font-variant-numeric: normal; font-variant-east-asian: normal; vertical-align: baseline; white-space: pre-wrap;\">Do you want to pursue General Education?</span></span><br></p>', 1, '2022-12-11 09:31:57', '2022-12-11 09:43:45'),
(12, '<p><span id=\"docs-internal-guid-5c350cdc-7fff-8695-4d98-369b20d04f6b\"><span style=\"font-size: 11pt; font-family: Calibri, sans-serif; color: rgb(0, 0, 0); background-color: transparent; font-variant-numeric: normal; font-variant-east-asian: normal; vertical-align: baseline; white-space: pre-wrap;\">Do you want to gain knowledge in Disaster of Readiness and Risk Reduction?</span></span><br></p>', 1, '2022-12-11 09:36:07', '2022-12-11 09:36:07'),
(13, '<p><span id=\"docs-internal-guid-5ed93700-7fff-1257-a07f-0d73f010072d\"><span style=\"font-size: 11pt; font-family: Calibri, sans-serif; color: rgb(0, 0, 0); background-color: transparent; font-variant-numeric: normal; font-variant-east-asian: normal; vertical-align: baseline; white-space: pre-wrap;\">Do you want to hone your creative writing skills?</span></span><br></p>', 1, '2022-12-11 09:38:34', '2022-12-11 09:38:34'),
(14, '<p><span id=\"docs-internal-guid-5d3f872a-7fff-3cf5-b322-708fb1b17797\"><span style=\"font-size: 11pt; font-family: Calibri, sans-serif; color: rgb(0, 0, 0); background-color: transparent; font-variant-numeric: normal; font-variant-east-asian: normal; vertical-align: baseline; white-space: pre-wrap;\">Are you interested in Empowerment Technologies?</span></span><br></p>', 1, '2022-12-11 09:57:10', '2022-12-11 09:57:10'),
(15, '<p><span id=\"docs-internal-guid-d47f8004-7fff-4ad4-85e3-afe74cf2b35a\"></span></p><p dir=\"ltr\" style=\"line-height:1.3800000000000001;margin-top:0pt;margin-bottom:10pt;\"><span style=\"font-size:11pt;font-family:Calibri,sans-serif;color:#000000;background-color:transparent;font-weight:400;font-style:normal;font-variant:normal;text-decoration:none;vertical-align:baseline;white-space:pre;white-space:pre-wrap;\">Have you thought about developing your communication skills?</span></p>', 1, '2022-12-11 10:04:47', '2022-12-11 10:04:47'),
(16, '<p><span id=\"docs-internal-guid-8568432d-7fff-53f9-8fe1-5030bd4bbde9\"><span style=\"font-size: 11pt; font-family: Calibri, sans-serif; color: rgb(0, 0, 0); background-color: transparent; font-variant-numeric: normal; font-variant-east-asian: normal; vertical-align: baseline; white-space: pre-wrap;\">Are you not sure of what course to take in college?</span></span><br></p>', 1, '2022-12-11 10:10:03', '2022-12-11 10:10:03'),
(17, '<p><span id=\"docs-internal-guid-77dd2abb-7fff-bed4-86c4-c6bcbc601662\"><span style=\"font-size: 11pt; font-family: Calibri, sans-serif; color: rgb(0, 0, 0); background-color: transparent; font-variant-numeric: normal; font-variant-east-asian: normal; vertical-align: baseline; white-space: pre-wrap;\">Do you want to be a teacher?</span></span><br></p>', 1, '2022-12-11 10:12:54', '2022-12-11 10:12:54'),
(18, '<p><span id=\"docs-internal-guid-6105b6f8-7fff-bbcc-1fd6-950fce1d3b05\"><span style=\"font-size: 11pt; font-family: Calibri, sans-serif; color: rgb(0, 0, 0); background-color: transparent; font-variant-numeric: normal; font-variant-east-asian: normal; vertical-align: baseline; white-space: pre-wrap;\">Do you want to focus on general knowledge?</span></span><br></p>', 1, '2022-12-11 10:15:09', '2022-12-11 10:15:09'),
(19, '<p><span id=\"docs-internal-guid-b70afdb1-7fff-279f-9635-20ffb2137d03\"><span style=\"font-size: 11pt; font-family: Calibri, sans-serif; color: rgb(0, 0, 0); background-color: transparent; font-variant-numeric: normal; font-variant-east-asian: normal; vertical-align: baseline; white-space: pre-wrap;\">Do you want to learn more and dig deeper without any restrictions?</span></span><br></p>', 1, '2022-12-11 17:46:31', '2022-12-11 17:46:31'),
(20, '<p><span id=\"docs-internal-guid-7cf52982-7fff-dfff-f347-d87ea58b7c5d\"><span style=\"font-size: 11pt; font-family: Calibri, sans-serif; color: rgb(0, 0, 0); background-color: transparent; font-variant-numeric: normal; font-variant-east-asian: normal; vertical-align: baseline; white-space: pre-wrap;\">Do you want to learn and weigh your options while doing them both at the same time?</span></span><br></p>', 1, '2022-12-11 17:50:02', '2022-12-11 17:50:02'),
(21, '<p><span id=\"docs-internal-guid-c61ac73d-7fff-4c90-a039-6928786c4653\"><span style=\"font-size: 11pt; font-family: Calibri, sans-serif; color: rgb(0, 0, 0); background-color: transparent; font-variant-numeric: normal; font-variant-east-asian: normal; vertical-align: baseline; white-space: pre-wrap;\">&nbsp;Do you want to learn everything without focusing on a specific subject?</span></span><br></p>', 1, '2022-12-11 19:28:44', '2022-12-11 19:28:44'),
(22, '<p><span id=\"docs-internal-guid-3f77a1ef-7fff-8332-c1f9-2287f42928c2\"><span style=\"font-size: 11pt; font-family: Calibri, sans-serif; color: rgb(0, 0, 0); background-color: transparent; font-variant-numeric: normal; font-variant-east-asian: normal; vertical-align: baseline; white-space: pre-wrap;\">Are you indecisive about the course that you will be taking in college?</span></span><br></p>', 1, '2022-12-11 19:30:35', '2022-12-11 19:30:35'),
(23, '<p><span id=\"docs-internal-guid-8575bdfa-7fff-9d1b-3c5b-2ed9d1c20ef8\"><span style=\"font-size: 11pt; font-family: Calibri, sans-serif; color: rgb(0, 0, 0); background-color: transparent; font-variant-numeric: normal; font-variant-east-asian: normal; vertical-align: baseline; white-space: pre-wrap;\">Do you have more time on figuring out what you want to be in the future?</span></span><br></p>', 1, '2022-12-11 19:31:53', '2022-12-11 19:31:53'),
(24, '<p><span id=\"docs-internal-guid-13f6e080-7fff-84d5-36f9-68c64f7a236a\"><span style=\"font-size: 11pt; font-family: Calibri, sans-serif; color: rgb(0, 0, 0); background-color: transparent; font-variant-numeric: normal; font-variant-east-asian: normal; vertical-align: baseline; white-space: pre-wrap;\">Do you want to explore more before focusing on a specific course in college?</span></span><br></p>', 1, '2022-12-17 18:32:03', '2022-12-17 18:32:03'),
(25, '<p><span id=\"docs-internal-guid-91e30b47-7fff-aef3-7662-14318a441962\"><span style=\"font-size: 11pt; font-family: Calibri, sans-serif; color: rgb(0, 0, 0); background-color: transparent; font-variant-numeric: normal; font-variant-east-asian: normal; vertical-align: baseline; white-space: pre-wrap;\">Do you think you should have a general knowledge in all subjects so that you can have more options before going to college?</span></span><br></p>', 1, '2022-12-17 18:43:43', '2022-12-17 18:43:43'),
(26, '<p><span id=\"docs-internal-guid-5554812d-7fff-68ee-1aa4-85bd8c00308f\"><span style=\"font-size: 11pt; font-family: Calibri, sans-serif; color: rgb(0, 0, 0); background-color: transparent; font-variant-numeric: normal; font-variant-east-asian: normal; vertical-align: baseline; white-space: pre-wrap;\">Do you want to have freedom to explore your options first before entering college?</span></span><br></p>', 1, '2022-12-17 18:47:59', '2022-12-17 18:47:59'),
(27, '<p><span id=\"docs-internal-guid-a84dc815-7fff-3b56-4016-1bf062d23407\"><span style=\"font-size: 11pt; font-family: Calibri, sans-serif; color: rgb(0, 0, 0); background-color: transparent; font-variant-numeric: normal; font-variant-east-asian: normal; vertical-align: baseline; white-space: pre-wrap;\">Do you want to have more opportunities to open up for you?</span></span><br></p>', 1, '2022-12-17 18:52:14', '2022-12-17 18:52:14'),
(28, '<p><span id=\"docs-internal-guid-c654cd13-7fff-7b3b-fb94-8ebdd35d2d04\"><span style=\"font-size: 11pt; font-family: Calibri, sans-serif; color: rgb(0, 0, 0); background-color: transparent; font-variant-numeric: normal; font-variant-east-asian: normal; vertical-align: baseline; white-space: pre-wrap;\">Do you think you can be anyone you like in the future?</span></span><br></p>', 1, '2022-12-17 18:54:47', '2022-12-17 18:54:47'),
(29, '<p><span id=\"docs-internal-guid-559ffbf0-7fff-ebd0-3740-492232cc496d\"><span style=\"font-size: 11pt; font-family: Calibri, sans-serif; color: rgb(0, 0, 0); background-color: transparent; font-variant-numeric: normal; font-variant-east-asian: normal; vertical-align: baseline; white-space: pre-wrap;\">Are you interested in learning broader subjects?</span></span><br></p>', 1, '2022-12-17 19:13:30', '2022-12-17 19:13:30'),
(30, '<p><span id=\"docs-internal-guid-1cfb03d5-7fff-9d55-c5b6-2e791c8271bf\"><span style=\"font-size: 11pt; font-family: Calibri, sans-serif; color: rgb(0, 0, 0); background-color: transparent; font-variant-numeric: normal; font-variant-east-asian: normal; vertical-align: baseline; white-space: pre-wrap;\">Are you willing to study mixed subjects so that you can have more options in the future?</span></span><br></p>', 1, '2022-12-17 19:17:01', '2022-12-17 19:17:01'),
(31, '<p><span id=\"docs-internal-guid-d5fc77f8-7fff-bd59-3916-4926a38c17f6\"><span style=\"font-size: 11pt; font-family: Calibri, sans-serif; color: rgb(0, 0, 0); background-color: transparent; font-variant-numeric: normal; font-variant-east-asian: normal; vertical-align: baseline; white-space: pre-wrap;\">Do you believe that this strand will help you sort out what you will be in the future?</span></span><br></p>', 1, '2022-12-17 19:19:05', '2022-12-17 19:19:05'),
(32, '<p><span id=\"docs-internal-guid-37cf287b-7fff-b006-9531-4e643448ee51\"><span style=\"font-size: 11pt; font-family: Calibri, sans-serif; color: rgb(0, 0, 0); background-color: transparent; font-variant-numeric: normal; font-variant-east-asian: normal; vertical-align: baseline; white-space: pre-wrap;\">Do you think that learning mixed subjects will help you distinguish what you want to be in the future?</span></span><br></p>', 1, '2022-12-17 19:21:44', '2022-12-17 19:21:44'),
(33, '<p><span id=\"docs-internal-guid-5bc8a95d-7fff-7be6-bc00-066dfe71884e\"><span style=\"font-size: 11pt; font-family: Calibri, sans-serif; color: rgb(0, 0, 0); background-color: transparent; font-variant-numeric: normal; font-variant-east-asian: normal; vertical-align: baseline; white-space: pre-wrap;\">Do you want to develop your communication and writing skills more?</span></span><br></p>', 1, '2022-12-17 19:26:47', '2022-12-17 19:26:47'),
(34, '<p><span id=\"docs-internal-guid-ddafd3fe-7fff-39fa-a667-11b8fffd3bf7\"><span style=\"font-size: 11pt; font-family: Calibri, sans-serif; color: rgb(0, 0, 0); background-color: transparent; font-variant-numeric: normal; font-variant-east-asian: normal; vertical-align: baseline; white-space: pre-wrap;\">Do you want to understand history, literature, business marketing, and general mathematics at the same time?</span></span><br></p>', 1, '2022-12-17 21:57:11', '2022-12-17 21:57:11'),
(35, '<p><span id=\"docs-internal-guid-5d8f3f1f-7fff-5a00-c18c-3eaa3595b2b3\"><span style=\"font-size: 11pt; font-family: Calibri, sans-serif; color: rgb(0, 0, 0); background-color: transparent; font-variant-numeric: normal; font-variant-east-asian: normal; vertical-align: baseline; white-space: pre-wrap;\">&nbsp;Do you want to study about the core subjects that can also be found in other strands?</span></span><br></p>', 1, '2022-12-17 21:59:09', '2022-12-17 21:59:09'),
(36, '<p><span id=\"docs-internal-guid-e35459ba-7fff-f3b2-3f32-749c9ff37985\"><span style=\"font-size: 11pt; font-family: Calibri, sans-serif; color: rgb(0, 0, 0); background-color: transparent; font-variant-numeric: normal; font-variant-east-asian: normal; vertical-align: baseline; white-space: pre-wrap;\">Do you think you can focus on studying a wide selection of subjects at the same time?</span></span><br></p>', 1, '2022-12-17 22:01:20', '2022-12-17 22:01:20'),
(37, '<p><span id=\"docs-internal-guid-dcaa1295-7fff-9e1d-c453-f5f704d088e0\"><span style=\"font-size: 11pt; font-family: Calibri, sans-serif; color: rgb(0, 0, 0); background-color: transparent; font-variant-numeric: normal; font-variant-east-asian: normal; vertical-align: baseline; white-space: pre-wrap;\">Do you want to involve yourself in more general areas of study?</span></span><br></p>', 1, '2022-12-17 22:03:59', '2022-12-17 22:03:59'),
(38, '<p><span id=\"docs-internal-guid-fc45a011-7fff-5a6b-b660-29d28bef8857\"><span style=\"font-size: 11pt; font-family: Calibri, sans-serif; color: rgb(0, 0, 0); background-color: transparent; font-variant-numeric: normal; font-variant-east-asian: normal; vertical-align: baseline; white-space: pre-wrap;\">Do you want to master the general areas of study?</span></span><br></p>', 1, '2022-12-17 22:05:21', '2022-12-17 22:05:21'),
(39, '<p>If you answered 15 or more YESes then Congrats! You passed the quiz Otherwise if you answered 15 or more NO there are 5 more strands that\'s waiting for you<br></p>', 1, '2022-12-18 11:41:40', '2022-12-18 11:41:40'),
(40, '<p><span id=\"docs-internal-guid-d3f8e7e9-7fff-b5b7-ad01-896212711f5b\"><span style=\"font-size: 10.5pt; font-family: Roboto, sans-serif; background-color: transparent; font-variant-numeric: normal; font-variant-east-asian: normal; vertical-align: baseline; white-space: pre-wrap;\">Thank you for using this botAI do you want to restart?</span></span><br></p>', 1, '2022-12-18 12:19:25', '2022-12-18 12:19:25'),
(41, '<p><span id=\"docs-internal-guid-58d437cf-7fff-faec-46c1-f6a17e4dd8ec\"><span style=\"font-size: 11pt; font-family: Calibri, sans-serif; color: rgb(0, 0, 0); background-color: transparent; font-variant-numeric: normal; font-variant-east-asian: normal; vertical-align: baseline; white-space: pre-wrap;\">Are you good in subjects such as Math, Science, and English?</span></span><br></p>', 1, '2022-12-18 12:26:24', '2022-12-18 12:26:24'),
(42, '<p><span id=\"docs-internal-guid-52960a64-7fff-e20a-6886-e3b99af2b109\"><span style=\"font-size: 11pt; font-family: Calibri, sans-serif; color: rgb(0, 0, 0); background-color: transparent; font-variant-numeric: normal; font-variant-east-asian: normal; vertical-align: baseline; white-space: pre-wrap;\">Are your hobbies related to Science, English, and Math?</span></span><br></p>', 1, '2022-12-18 12:52:29', '2022-12-18 12:52:29'),
(43, '<p><span id=\"docs-internal-guid-1768c467-7fff-2988-dabf-4a3d3be2a6fd\"><span style=\"font-size: 11pt; font-family: Calibri, sans-serif; color: rgb(0, 0, 0); background-color: transparent; font-variant-numeric: normal; font-variant-east-asian: normal; vertical-align: baseline; white-space: pre-wrap;\">Do you want to be a medtech, engineer, architect, or a biologist in the future?</span></span><br></p>', 1, '2022-12-18 12:54:23', '2022-12-18 12:54:23'),
(44, '<p><span id=\"docs-internal-guid-8c58496b-7fff-202d-5207-4d38a9b6eb86\"><span style=\"font-size: 11pt; font-family: Calibri, sans-serif; color: rgb(0, 0, 0); background-color: transparent; font-variant-numeric: normal; font-variant-east-asian: normal; vertical-align: baseline; white-space: pre-wrap;\">Are you interested in innovation?</span></span><br></p>', 1, '2022-12-18 13:18:38', '2022-12-18 13:18:38'),
(45, '<p><span id=\"docs-internal-guid-49d185cc-7fff-a4bf-da0c-3387879e7e39\"><span style=\"font-size: 11pt; font-family: Calibri, sans-serif; color: rgb(0, 0, 0); background-color: transparent; font-variant-numeric: normal; font-variant-east-asian: normal; vertical-align: baseline; white-space: pre-wrap;\">Do you consider yourself a critical thinker?</span></span><br></p>', 1, '2022-12-18 13:21:05', '2022-12-18 13:21:05'),
(46, '<p><span id=\"docs-internal-guid-ab834c20-7fff-3580-c647-2aeb9ef4dd2a\"><span style=\"font-size: 11pt; font-family: Calibri, sans-serif; color: rgb(0, 0, 0); background-color: transparent; font-variant-numeric: normal; font-variant-east-asian: normal; vertical-align: baseline; white-space: pre-wrap;\">Do you interested in robotics?</span></span><br></p>', 1, '2022-12-18 18:39:55', '2022-12-18 18:39:55'),
(47, '<p><span id=\"docs-internal-guid-9c6abb81-7fff-ed0e-8cd4-374c0eab33da\"><span style=\"font-size: 11pt; font-family: Calibri, sans-serif; color: rgb(0, 0, 0); background-color: transparent; font-variant-numeric: normal; font-variant-east-asian: normal; vertical-align: baseline; white-space: pre-wrap;\">Are you willing to learn how the AI and machine language works?</span></span><br></p>', 1, '2022-12-18 18:41:33', '2022-12-18 18:41:33'),
(48, '<p><span id=\"docs-internal-guid-7a594edc-7fff-319a-37f6-f447e157da53\"><span style=\"font-size: 11pt; font-family: Calibri, sans-serif; color: rgb(0, 0, 0); background-color: transparent; font-variant-numeric: normal; font-variant-east-asian: normal; vertical-align: baseline; white-space: pre-wrap;\">Are you interested in undergo an experiments?</span></span><br></p>', 1, '2022-12-18 18:43:44', '2022-12-18 18:43:44'),
(49, '<p><span id=\"docs-internal-guid-2a65b2a2-7fff-e91f-54cf-eb750d37942f\"><span style=\"font-size: 11pt; font-family: Calibri, sans-serif; color: rgb(0, 0, 0); background-color: transparent; font-variant-numeric: normal; font-variant-east-asian: normal; vertical-align: baseline; white-space: pre-wrap;\">Are you interested in unique earth science?</span></span><br></p>', 1, '2022-12-18 19:15:22', '2022-12-18 19:15:22'),
(50, '<p><span id=\"docs-internal-guid-4d4bb837-7fff-0107-9dbd-ce6e70e64aa9\"><span style=\"font-size: 11pt; font-family: Calibri, sans-serif; color: rgb(0, 0, 0); background-color: transparent; font-variant-numeric: normal; font-variant-east-asian: normal; vertical-align: baseline; white-space: pre-wrap;\">Do you like phenomenon like meteorology and continental drifts?</span></span><br></p>', 1, '2022-12-18 19:17:41', '2022-12-18 19:17:41'),
(51, '<p><span id=\"docs-internal-guid-f2c37f8c-7fff-caee-5131-15a233a6e05e\"><span style=\"font-size: 11pt; font-family: Calibri, sans-serif; color: rgb(0, 0, 0); background-color: transparent; font-variant-numeric: normal; font-variant-east-asian: normal; vertical-align: baseline; white-space: pre-wrap;\">Are you curious about the evidences like fossils?</span></span><br></p>', 1, '2022-12-18 19:23:40', '2022-12-18 19:23:40'),
(52, '<p><span id=\"docs-internal-guid-45452efc-7fff-8084-0154-fec181da5bf2\"><span style=\"font-size: 11pt; font-family: Calibri, sans-serif; color: rgb(0, 0, 0); background-color: transparent; font-variant-numeric: normal; font-variant-east-asian: normal; vertical-align: baseline; white-space: pre-wrap;\">Do you want to be a scientist?</span></span><br></p>', 1, '2022-12-21 18:39:09', '2022-12-21 18:39:09'),
(53, '<p><span id=\"docs-internal-guid-59fe1348-7fff-5cb8-3b0b-9585ecafaf8e\"><span style=\"font-size: 11pt; font-family: Calibri, sans-serif; color: rgb(0, 0, 0); background-color: transparent; font-variant-numeric: normal; font-variant-east-asian: normal; vertical-align: baseline; white-space: pre-wrap;\">Have you always been a math wiz?</span></span><br></p>', 1, '2022-12-21 18:40:48', '2022-12-21 18:40:48'),
(54, '<p><span id=\"docs-internal-guid-72772f1a-7fff-d2d1-f6d5-ae01460a4f9b\"><span style=\"font-size: 11pt; font-family: Calibri, sans-serif; color: rgb(0, 0, 0); background-color: transparent; font-variant-numeric: normal; font-variant-east-asian: normal; vertical-align: baseline; white-space: pre-wrap;\">Do numbers and equations excite you?</span></span><br></p>', 1, '2022-12-21 18:42:49', '2022-12-21 18:42:49'),
(55, '<p><span id=\"docs-internal-guid-658cc0a9-7fff-8485-60ad-6611fd1498f6\"><span style=\"font-size: 11pt; font-family: Calibri, sans-serif; color: rgb(0, 0, 0); background-color: transparent; font-variant-numeric: normal; font-variant-east-asian: normal; vertical-align: baseline; white-space: pre-wrap;\"> Do you want to become a great economist?</span></span><br></p>', 1, '2022-12-21 18:43:53', '2022-12-21 18:45:52'),
(56, '<p><span id=\"docs-internal-guid-11de3249-7fff-812b-561c-5e0fbcce4246\"><span style=\"font-size: 11pt; font-family: Calibri, sans-serif; color: rgb(0, 0, 0); background-color: transparent; font-variant-numeric: normal; font-variant-east-asian: normal; vertical-align: baseline; white-space: pre-wrap;\">Do you want to be a mathematician?</span></span><br></p>', 1, '2022-12-21 18:45:58', '2022-12-21 18:45:58'),
(57, '<p><span id=\"docs-internal-guid-f027221c-7fff-a483-391b-81857d306031\"><span style=\"font-size: 11pt; font-family: Calibri, sans-serif; color: rgb(0, 0, 0); background-color: transparent; font-variant-numeric: normal; font-variant-east-asian: normal; vertical-align: baseline; white-space: pre-wrap;\">Have you thought of becoming engineers that could solve problems?</span></span><br></p>', 1, '2022-12-21 18:47:50', '2022-12-21 18:47:50'),
(58, '<p><span id=\"docs-internal-guid-7d277d77-7fff-2f8d-ffc3-0779eb150a08\"><span style=\"font-size: 11pt; font-family: Calibri, sans-serif; color: rgb(0, 0, 0); background-color: transparent; font-variant-numeric: normal; font-variant-east-asian: normal; vertical-align: baseline; white-space: pre-wrap;\">Do you think you\'re good at numbers?</span></span><br></p>', 1, '2022-12-21 18:49:15', '2022-12-21 18:49:15'),
(59, '<p><span id=\"docs-internal-guid-3d36f0ee-7fff-7708-780b-afca165c65a3\"><span style=\"font-size: 11pt; font-family: Calibri, sans-serif; color: rgb(0, 0, 0); background-color: transparent; font-variant-numeric: normal; font-variant-east-asian: normal; vertical-align: baseline; white-space: pre-wrap;\">Does the subject Chemistry attract you?</span></span><br></p>', 1, '2022-12-21 18:51:26', '2022-12-21 18:51:26'),
(60, '<p><span id=\"docs-internal-guid-dd8d7758-7fff-7e8f-37bd-5dac81608174\"><span style=\"font-size: 11pt; font-family: Calibri, sans-serif; color: rgb(0, 0, 0); background-color: transparent; font-variant-numeric: normal; font-variant-east-asian: normal; vertical-align: baseline; white-space: pre-wrap;\">Are you good at drawing?</span></span><br></p>', 1, '2022-12-21 18:52:56', '2022-12-21 18:52:56'),
(61, '<p><span id=\"docs-internal-guid-a83afaa5-7fff-5e9a-97cc-9a30d754a641\"><span style=\"font-size: 11pt; font-family: Calibri, sans-serif; color: rgb(0, 0, 0); background-color: transparent; font-variant-numeric: normal; font-variant-east-asian: normal; vertical-align: baseline; white-space: pre-wrap;\">Do you want to know the importance of science education in the present world?</span></span><br></p>', 1, '2022-12-21 18:56:52', '2022-12-21 18:56:52'),
(62, '<p><span id=\"docs-internal-guid-f48e7510-7fff-8f58-d33d-d68ccad1ced6\"><span style=\"font-size: 11pt; font-family: Calibri, sans-serif; color: rgb(0, 0, 0); background-color: transparent; font-variant-numeric: normal; font-variant-east-asian: normal; vertical-align: baseline; white-space: pre-wrap;\">Do you like computers?</span></span><br></p>', 1, '2022-12-21 18:58:13', '2022-12-21 18:58:13'),
(63, '<p><span id=\"docs-internal-guid-7b3f70e4-7fff-be59-8c5e-b33f2d9b2add\"><span style=\"font-size: 11pt; font-family: Calibri, sans-serif; color: rgb(0, 0, 0); background-color: transparent; font-variant-numeric: normal; font-variant-east-asian: normal; vertical-align: baseline; white-space: pre-wrap;\">Do you think math is easy?</span></span><br></p>', 1, '2022-12-21 18:59:41', '2022-12-21 18:59:41'),
(64, '<p><span id=\"docs-internal-guid-e993ed24-7fff-11a5-1c78-53b2df64abc4\"><span style=\"font-size: 11pt; font-family: Calibri, sans-serif; color: rgb(0, 0, 0); background-color: transparent; font-variant-numeric: normal; font-variant-east-asian: normal; vertical-align: baseline; white-space: pre-wrap;\">Do you like to solve?</span></span><br></p>', 1, '2022-12-21 19:01:04', '2022-12-21 19:01:04'),
(65, '<p><span id=\"docs-internal-guid-604d11a6-7fff-51ff-6e81-1ffc080f070d\"><span style=\"font-size: 11pt; font-family: Calibri, sans-serif; color: rgb(0, 0, 0); background-color: transparent; font-variant-numeric: normal; font-variant-east-asian: normal; vertical-align: baseline; white-space: pre-wrap;\">Are you interested in computer languages?</span></span><br></p>', 1, '2022-12-21 19:02:18', '2022-12-21 19:02:18'),
(66, '<p><span id=\"docs-internal-guid-291e0788-7fff-5d19-5da3-de1385dfe365\"><span style=\"font-size: 11pt; font-family: Calibri, sans-serif; color: rgb(0, 0, 0); background-color: transparent; font-variant-numeric: normal; font-variant-east-asian: normal; vertical-align: baseline; white-space: pre-wrap;\">Do you enjoy science and mathematics content?</span></span><br></p>', 1, '2022-12-22 18:03:30', '2022-12-22 18:03:30'),
(67, '<p><span id=\"docs-internal-guid-f5d06a9f-7fff-2a5b-960a-70f276da1040\"><span style=\"font-size: 11pt; font-family: Calibri, sans-serif; color: rgb(0, 0, 0); background-color: transparent; font-variant-numeric: normal; font-variant-east-asian: normal; vertical-align: baseline; white-space: pre-wrap;\">Are you interested in solving real world problems and challenges?</span></span><br></p>', 1, '2022-12-22 18:05:06', '2022-12-22 18:05:06'),
(68, '<p><span id=\"docs-internal-guid-1836d9f3-7fff-5674-0536-b9ef9d8ae952\"><span style=\"font-size: 11pt; font-family: Calibri, sans-serif; color: rgb(0, 0, 0); background-color: transparent; font-variant-numeric: normal; font-variant-east-asian: normal; vertical-align: baseline; white-space: pre-wrap;\">Do you think you are very skilled at mathematics?</span></span><br></p>', 1, '2022-12-22 18:06:28', '2022-12-22 18:06:28'),
(69, '<p><span id=\"docs-internal-guid-f0937518-7fff-a488-7314-dd166a2d3b7f\"><span style=\"font-size: 11pt; font-family: Calibri, sans-serif; color: rgb(0, 0, 0); background-color: transparent; font-variant-numeric: normal; font-variant-east-asian: normal; vertical-align: baseline; white-space: pre-wrap;\">Do you have patience to learn long equations?</span></span><br></p>', 1, '2022-12-22 18:07:48', '2022-12-22 18:07:48'),
(70, '<p><span id=\"docs-internal-guid-0cb34556-7fff-de3a-8954-8841800d6646\"><span style=\"font-size: 11pt; font-family: Calibri, sans-serif; color: rgb(0, 0, 0); background-color: transparent; font-variant-numeric: normal; font-variant-east-asian: normal; vertical-align: baseline; white-space: pre-wrap;\">Do you have patience to explain mathematical theories to prove your point?</span></span><br></p>', 1, '2022-12-22 18:09:15', '2022-12-22 18:09:15'),
(71, '<p><span id=\"docs-internal-guid-878ab1d4-7fff-d957-bda8-bf9de58346f7\"><span style=\"font-size: 10.5pt; font-family: Roboto, sans-serif; font-variant-numeric: normal; font-variant-east-asian: normal; vertical-align: baseline; white-space: pre-wrap;\">If you answered 15 or more YESes then Congrats! You passed the quiz Otherwise if you answered 15 or more NO there are 5 more strands that\'s waiting for you</span></span><br></p>', 1, '2022-12-22 18:13:31', '2022-12-22 18:13:31'),
(72, '<p><span id=\"docs-internal-guid-2ff2033f-7fff-6510-f432-22f646e2c50a\"><span style=\"font-size: 11pt; font-family: Calibri, sans-serif; color: rgb(0, 0, 0); background-color: transparent; font-variant-numeric: normal; font-variant-east-asian: normal; vertical-align: baseline; white-space: pre-wrap;\">Do you like to enhance your speaking skills?</span></span><br></p>', 1, '2022-12-22 18:15:58', '2022-12-22 18:15:58'),
(73, '<p><span id=\"docs-internal-guid-11f94ade-7fff-83ab-7a2e-b25dfe75f5bd\"><span style=\"font-size: 11pt; font-family: Calibri, sans-serif; color: rgb(0, 0, 0); background-color: transparent; font-variant-numeric: normal; font-variant-east-asian: normal; vertical-align: baseline; white-space: pre-wrap;\">Do you think you want to focus on the study of human behavior?</span></span><br></p>', 1, '2022-12-22 18:17:25', '2022-12-22 18:17:25'),
(74, '<p><span id=\"docs-internal-guid-a1a9d9ea-7fff-8ed4-e536-7d2ef41e0a45\"><span style=\"font-size: 11pt; font-family: Calibri, sans-serif; color: rgb(0, 0, 0); background-color: transparent; font-variant-numeric: normal; font-variant-east-asian: normal; vertical-align: baseline; white-space: pre-wrap;\">Does political science interest you?</span></span><br></p>', 1, '2022-12-22 18:24:31', '2022-12-22 18:24:31'),
(75, '<p><span id=\"docs-internal-guid-60b4db52-7fff-375b-a6a5-0eaf9e3b1f17\"><span style=\"font-size: 11pt; font-family: Calibri, sans-serif; color: rgb(0, 0, 0); background-color: transparent; font-variant-numeric: normal; font-variant-east-asian: normal; vertical-align: baseline; white-space: pre-wrap;\">Are you good at writing, public speaking, and statistics?</span></span><br></p>', 1, '2022-12-22 18:25:42', '2022-12-22 18:25:42'),
(76, '<p><span id=\"docs-internal-guid-b7ed1ec7-7fff-2bd6-5486-fbb11ee1d759\"><span style=\"font-size: 11pt; font-family: Calibri, sans-serif; color: rgb(0, 0, 0); background-color: transparent; font-variant-numeric: normal; font-variant-east-asian: normal; vertical-align: baseline; white-space: pre-wrap;\">Are you interested in law, culture, religion, science, language, and everything in humanity?</span></span><br></p>', 1, '2022-12-22 18:26:45', '2022-12-22 18:26:45'),
(77, '<p><span id=\"docs-internal-guid-b4d24399-7fff-f229-9191-c960c0239ccd\"><span style=\"font-size: 11pt; font-family: Calibri, sans-serif; color: rgb(0, 0, 0); background-color: transparent; font-variant-numeric: normal; font-variant-east-asian: normal; vertical-align: baseline; white-space: pre-wrap;\">&nbsp;Have you thought about the differences between social science and humanities?</span></span><br></p>', 1, '2022-12-24 12:21:11', '2022-12-24 12:21:11'),
(78, '<p><span id=\"docs-internal-guid-ce675f72-7fff-9406-60f1-93e4c6007d6c\"><span style=\"font-size: 11pt; font-family: Calibri, sans-serif; color: rgb(0, 0, 0); background-color: transparent; font-variant-numeric: normal; font-variant-east-asian: normal; vertical-align: baseline; white-space: pre-wrap;\">You don\'t have to be rich to get into the social sciences?</span></span><br></p>', 1, '2022-12-24 12:24:59', '2022-12-24 12:24:59'),
(79, '<p><span id=\"docs-internal-guid-7337b90f-7fff-d110-5606-b3a3aaa9237b\"><span style=\"font-size: 11pt; font-family: Calibri, sans-serif; color: rgb(0, 0, 0); background-color: transparent; font-variant-numeric: normal; font-variant-east-asian: normal; vertical-align: baseline; white-space: pre-wrap;\">Do you want to know the contributions of social science to society?</span></span><br></p>', 1, '2022-12-24 12:27:17', '2022-12-24 12:27:17'),
(80, '<p><span id=\"docs-internal-guid-9e1aef0e-7fff-16f5-2fba-c59835c9aab2\"><span style=\"font-size: 11pt; font-family: Calibri, sans-serif; color: rgb(0, 0, 0); background-color: transparent; font-variant-numeric: normal; font-variant-east-asian: normal; vertical-align: baseline; white-space: pre-wrap;\">Do you think you have enough knowledge about social science?</span></span><br></p>', 1, '2022-12-24 12:33:29', '2022-12-24 12:33:29'),
(81, '<p><span id=\"docs-internal-guid-a91d3c94-7fff-7099-22f3-7a161e1b6d87\"><span style=\"font-size: 11pt; font-family: Calibri, sans-serif; color: rgb(0, 0, 0); background-color: transparent; font-variant-numeric: normal; font-variant-east-asian: normal; vertical-align: baseline; white-space: pre-wrap;\">Have you thought about focusing on your reading and writing skills?</span></span><br></p>', 1, '2022-12-24 12:35:05', '2022-12-24 12:35:05'),
(82, '<p><span id=\"docs-internal-guid-736e9b76-7fff-20ae-81ff-e3d84e43b3ae\"><span style=\"font-size: 11pt; font-family: Calibri, sans-serif; color: rgb(0, 0, 0); background-color: transparent; font-variant-numeric: normal; font-variant-east-asian: normal; vertical-align: baseline; white-space: pre-wrap;\">Do you love reading articles?</span></span><br></p>', 1, '2022-12-24 12:36:26', '2022-12-24 12:36:26'),
(83, '<p><span id=\"docs-internal-guid-d2bc96a5-7fff-1705-c26a-9b1519b1c1c2\"><span style=\"font-size: 11pt; font-family: Calibri, sans-serif; color: rgb(0, 0, 0); background-color: transparent; font-variant-numeric: normal; font-variant-east-asian: normal; vertical-align: baseline; white-space: pre-wrap;\">Are you interested in blogs?</span></span><br></p>', 1, '2022-12-24 12:37:25', '2022-12-24 12:37:25'),
(84, '<p><span id=\"docs-internal-guid-ae7e2e6e-7fff-fbd6-df6e-88e5be37f6c3\"><span style=\"font-size: 11pt; font-family: Calibri, sans-serif; color: rgb(0, 0, 0); background-color: transparent; font-variant-numeric: normal; font-variant-east-asian: normal; vertical-align: baseline; white-space: pre-wrap;\">Are you strong in social science and humanity?</span></span><br></p>', 1, '2022-12-24 12:38:57', '2022-12-24 12:38:57'),
(85, '<p><span id=\"docs-internal-guid-77f524f9-7fff-7b63-b734-b2ec77f3a762\"><span style=\"font-size: 11pt; font-family: Calibri, sans-serif; color: rgb(0, 0, 0); background-color: transparent; font-variant-numeric: normal; font-variant-east-asian: normal; vertical-align: baseline; white-space: pre-wrap;\">Do you want to be a Political Scientist?</span></span><br></p>', 1, '2022-12-24 12:39:58', '2022-12-24 12:39:58'),
(86, '<p><span id=\"docs-internal-guid-a08bd282-7fff-5447-5937-153f766caa00\"><span style=\"font-size: 11pt; font-family: Calibri, sans-serif; color: rgb(0, 0, 0); background-color: transparent; font-variant-numeric: normal; font-variant-east-asian: normal; vertical-align: baseline; white-space: pre-wrap;\">&nbsp;Do you want to study the diversity of human behavior?</span></span><br></p>', 1, '2022-12-24 12:41:03', '2022-12-24 12:41:03'),
(87, '<p><span id=\"docs-internal-guid-9cc1524b-7fff-67ee-274e-61ccee8d8a5e\"><span style=\"font-size: 11pt; font-family: Calibri, sans-serif; color: rgb(0, 0, 0); background-color: transparent; font-variant-numeric: normal; font-variant-east-asian: normal; vertical-align: baseline; white-space: pre-wrap;\">Are you interested in becoming a lawyer?</span></span><br></p>', 1, '2022-12-24 13:43:32', '2022-12-24 13:43:32'),
(88, '<p><span id=\"docs-internal-guid-43eb896d-7fff-cd98-3620-8ecb22bb3980\"><span style=\"font-size: 11pt; font-family: Calibri, sans-serif; color: rgb(0, 0, 0); background-color: transparent; font-variant-numeric: normal; font-variant-east-asian: normal; vertical-align: baseline; white-space: pre-wrap;\">Do debates catch your attention?</span></span><br></p>', 1, '2022-12-24 13:45:38', '2022-12-24 13:45:38'),
(89, '<p><span id=\"docs-internal-guid-8a49f39d-7fff-fd3a-6fd9-6788750f31b2\"><span style=\"font-size: 11pt; font-family: Calibri, sans-serif; color: rgb(0, 0, 0); background-color: transparent; font-variant-numeric: normal; font-variant-east-asian: normal; vertical-align: baseline; white-space: pre-wrap;\">Do you want to boost your confidence?</span></span><br></p>', 1, '2022-12-24 13:48:35', '2022-12-24 13:48:35'),
(90, '<p><span id=\"docs-internal-guid-4158515a-7fff-3c5a-4cba-10f6dc2be4c1\"><span style=\"font-size: 11pt; font-family: Calibri, sans-serif; color: rgb(0, 0, 0); background-color: transparent; font-variant-numeric: normal; font-variant-east-asian: normal; vertical-align: baseline; white-space: pre-wrap;\">Do you want to know the stories essential to human existence?</span></span><br></p>', 1, '2022-12-24 13:50:36', '2022-12-24 13:50:36'),
(91, '<p><span id=\"docs-internal-guid-0d395c64-7fff-2aed-106a-d6526c0e3270\"><span style=\"font-size: 11pt; font-family: Calibri, sans-serif; color: rgb(0, 0, 0); background-color: transparent; font-variant-numeric: normal; font-variant-east-asian: normal; vertical-align: baseline; white-space: pre-wrap;\">&nbsp;Do visual arts attract you?</span></span><br></p>', 1, '2022-12-24 13:51:54', '2022-12-24 13:51:54'),
(92, '<p><span id=\"docs-internal-guid-0ad5a652-7fff-dc9c-5811-25c1bb13346f\"><span style=\"font-size: 11pt; font-family: Calibri, sans-serif; color: rgb(0, 0, 0); background-color: transparent; font-variant-numeric: normal; font-variant-east-asian: normal; vertical-align: baseline; white-space: pre-wrap;\">Are you good at filming?</span></span><br></p>', 1, '2022-12-24 14:04:33', '2022-12-24 14:04:33'),
(93, '<p><span id=\"docs-internal-guid-3bf711ba-7fff-cd0a-01b3-c17604648437\"><span style=\"font-size: 11pt; font-family: Calibri, sans-serif; color: rgb(0, 0, 0); background-color: transparent; font-variant-numeric: normal; font-variant-east-asian: normal; vertical-align: baseline; white-space: pre-wrap;\">Do you love literature?</span></span><br></p>', 1, '2022-12-24 14:16:57', '2022-12-24 14:16:57'),
(94, '<p><span id=\"docs-internal-guid-b26454c4-7fff-4218-ea1a-3794e3b2a56f\"><span style=\"font-size: 11pt; font-family: Calibri, sans-serif; color: rgb(0, 0, 0); background-color: transparent; font-variant-numeric: normal; font-variant-east-asian: normal; vertical-align: baseline; white-space: pre-wrap;\">&nbsp;Are you interested in the attributes of great writing?</span></span><br></p>', 1, '2022-12-24 14:18:28', '2022-12-24 14:18:28'),
(95, '<p><span id=\"docs-internal-guid-9da1df09-7fff-9a8c-cdb9-1532fd7aff17\"><span style=\"font-size: 11pt; font-family: Calibri, sans-serif; color: rgb(0, 0, 0); background-color: transparent; font-variant-numeric: normal; font-variant-east-asian: normal; vertical-align: baseline; white-space: pre-wrap;\">Do you want to be an artist or a critic?</span></span><br></p>', 1, '2022-12-24 14:20:35', '2022-12-24 14:20:35'),
(96, '<p><span id=\"docs-internal-guid-1f7cd6b6-7fff-5110-9221-5a3fae8689df\"><span style=\"font-size: 11pt; font-family: Calibri, sans-serif; color: rgb(0, 0, 0); background-color: transparent; font-variant-numeric: normal; font-variant-east-asian: normal; vertical-align: baseline; white-space: pre-wrap;\">&nbsp;Are you interested in studying religious and belief systems?</span></span><br></p>', 1, '2022-12-24 14:22:40', '2022-12-24 14:22:40'),
(97, '<p><span id=\"docs-internal-guid-ab9ab641-7fff-5764-61d9-17f80eb9b0d6\"><span style=\"font-size: 11pt; font-family: Calibri, sans-serif; color: rgb(0, 0, 0); background-color: transparent; font-variant-numeric: normal; font-variant-east-asian: normal; vertical-align: baseline; white-space: pre-wrap;\">Are you interested in discussion about moral issues?</span></span><br></p>', 1, '2022-12-24 14:23:44', '2022-12-24 14:23:44'),
(98, '<p><span id=\"docs-internal-guid-d82022a5-7fff-7084-e6b1-a39383adb0fc\"><span style=\"font-size: 11pt; font-family: Calibri, sans-serif; color: rgb(0, 0, 0); background-color: transparent; font-variant-numeric: normal; font-variant-east-asian: normal; vertical-align: baseline; white-space: pre-wrap;\">Do you consider yourself a critical thinker?</span></span><br></p>', 1, '2022-12-24 14:26:48', '2022-12-24 14:26:48'),
(99, '<p><span id=\"docs-internal-guid-4e70f3e0-7fff-310c-1f27-927c94e6e783\"><span style=\"font-size: 11pt; font-family: Calibri, sans-serif; color: rgb(0, 0, 0); background-color: transparent; font-variant-numeric: normal; font-variant-east-asian: normal; vertical-align: baseline; white-space: pre-wrap;\">Do you want to become a historian?</span></span><br></p>', 1, '2022-12-24 14:29:02', '2022-12-24 14:29:02'),
(100, '<p><span id=\"docs-internal-guid-d320c40e-7fff-6221-a7f1-1c60f9da3667\"><span style=\"font-size: 11pt; font-family: Calibri, sans-serif; color: rgb(0, 0, 0); background-color: transparent; font-variant-numeric: normal; font-variant-east-asian: normal; vertical-align: baseline; white-space: pre-wrap;\">&nbsp;Do you want to become an economist?</span></span><br></p>', 1, '2022-12-24 14:30:08', '2022-12-24 14:30:08'),
(101, '<p><span id=\"docs-internal-guid-1b55d7f8-7fff-3ba1-e6e3-a0e75bad9e26\"><span style=\"font-size: 11pt; font-family: Calibri, sans-serif; color: rgb(0, 0, 0); background-color: transparent; font-variant-numeric: normal; font-variant-east-asian: normal; vertical-align: baseline; white-space: pre-wrap;\">Do you want to prove theories?</span></span><br></p>', 1, '2022-12-24 14:31:05', '2022-12-24 14:31:05'),
(102, '<p><span id=\"docs-internal-guid-19250ad6-7fff-a995-cbdb-cd1bc473e5af\"><span style=\"font-size: 11pt; font-family: Calibri, sans-serif; color: rgb(0, 0, 0); background-color: transparent; font-variant-numeric: normal; font-variant-east-asian: normal; vertical-align: baseline; white-space: pre-wrap;\">Are you good in fraction and percentages?</span></span><br></p>', 1, '2022-12-24 14:46:42', '2022-12-24 14:46:42'),
(103, '<p><span id=\"docs-internal-guid-d6b37335-7fff-56f7-89fd-04c119cfd6f7\"><span style=\"font-size: 11pt; font-family: Calibri, sans-serif; color: rgb(0, 0, 0); background-color: transparent; font-variant-numeric: normal; font-variant-east-asian: normal; vertical-align: baseline; white-space: pre-wrap;\">Do you dream of becoming an accountant in the future?</span></span><br></p>', 1, '2022-12-24 15:17:43', '2022-12-24 15:17:43'),
(104, '<p><span id=\"docs-internal-guid-7ae53ffd-7fff-c449-6e73-2d6f68f50a39\"><span style=\"font-size: 11pt; font-family: Calibri, sans-serif; color: rgb(0, 0, 0); background-color: transparent; font-variant-numeric: normal; font-variant-east-asian: normal; vertical-align: baseline; white-space: pre-wrap;\">Does the term \"business\" interest you?</span></span><br></p>', 1, '2022-12-24 15:18:58', '2022-12-24 15:18:58'),
(105, '<p><span id=\"docs-internal-guid-f196737d-7fff-f315-cee4-8cc57fbbb89c\"><span style=\"font-size: 11pt; font-family: Calibri, sans-serif; color: rgb(0, 0, 0); background-color: transparent; font-variant-numeric: normal; font-variant-east-asian: normal; vertical-align: baseline; white-space: pre-wrap;\">Do you have business in mind?</span></span><br></p>', 1, '2022-12-24 15:19:59', '2022-12-24 15:19:59'),
(106, '<p><span id=\"docs-internal-guid-3968438a-7fff-f356-7d3b-6b80feb27587\"><span style=\"font-size: 11pt; font-family: Calibri, sans-serif; color: rgb(0, 0, 0); background-color: transparent; font-variant-numeric: normal; font-variant-east-asian: normal; vertical-align: baseline; white-space: pre-wrap;\">Do you see yourself as an employer or boss in the future?</span></span><br></p>', 1, '2022-12-24 15:21:24', '2022-12-24 15:21:24'),
(107, '<p><span id=\"docs-internal-guid-bcf308e1-7fff-2b10-852d-b3a12583084d\"><span style=\"font-size: 11pt; font-family: Calibri, sans-serif; color: rgb(0, 0, 0); background-color: transparent; font-variant-numeric: normal; font-variant-east-asian: normal; vertical-align: baseline; white-space: pre-wrap;\">Do you like topics like business?</span></span><br></p>', 1, '2022-12-24 15:22:30', '2022-12-24 15:22:30'),
(108, '<p><span id=\"docs-internal-guid-869d6307-7fff-57b7-e898-1cdd7f6d9ae9\"><span style=\"font-size: 11pt; font-family: Calibri, sans-serif; color: rgb(0, 0, 0); background-color: transparent; font-variant-numeric: normal; font-variant-east-asian: normal; vertical-align: baseline; white-space: pre-wrap;\">Do you want to learn how to manage business?</span></span><br></p>', 1, '2022-12-24 15:23:54', '2022-12-24 15:23:54'),
(109, '<p><span id=\"docs-internal-guid-e315c58c-7fff-6d47-9cdc-b3ea12bd297f\"><span style=\"font-size: 11pt; font-family: Calibri, sans-serif; color: rgb(0, 0, 0); background-color: transparent; font-variant-numeric: normal; font-variant-east-asian: normal; vertical-align: baseline; white-space: pre-wrap;\">Do you want to work in different industries?</span></span><br></p>', 1, '2022-12-24 15:25:57', '2022-12-24 15:25:57'),
(110, '<p><span id=\"docs-internal-guid-992fd164-7fff-5c34-32df-8fa86a99523e\"><span style=\"font-size: 11pt; font-family: Calibri, sans-serif; color: rgb(0, 0, 0); background-color: transparent; font-variant-numeric: normal; font-variant-east-asian: normal; vertical-align: baseline; white-space: pre-wrap;\">Are you willing to take risks for your business?</span></span><br></p>', 1, '2022-12-24 15:26:54', '2022-12-24 15:26:54'),
(111, '<p><span id=\"docs-internal-guid-5191c29f-7fff-5c73-a83b-ed900e3d37d1\"><span style=\"font-size: 11pt; font-family: Calibri, sans-serif; color: rgb(0, 0, 0); background-color: transparent; font-variant-numeric: normal; font-variant-east-asian: normal; vertical-align: baseline; white-space: pre-wrap;\">Do you plan on opening your own business in the future?</span></span><br></p>', 1, '2022-12-24 15:28:24', '2022-12-24 15:28:24'),
(112, '<p><span id=\"docs-internal-guid-c41bd6f5-7fff-7e70-a45b-7b453a8d5e27\"><span style=\"font-size: 11pt; font-family: Calibri, sans-serif; color: rgb(0, 0, 0); background-color: transparent; font-variant-numeric: normal; font-variant-east-asian: normal; vertical-align: baseline; white-space: pre-wrap;\">&nbsp;Do you want to learn more about how to start up a business?</span></span><br></p>', 1, '2022-12-24 15:39:22', '2022-12-24 15:39:22'),
(113, '<p><span id=\"docs-internal-guid-d1c603b2-7fff-ae51-07e2-456d2bfc9379\"><span style=\"font-size: 11pt; font-family: Calibri, sans-serif; color: rgb(0, 0, 0); background-color: transparent; font-variant-numeric: normal; font-variant-east-asian: normal; vertical-align: baseline; white-space: pre-wrap;\">Do you want to know how to operate your own business?</span></span><br></p>', 1, '2022-12-24 15:40:32', '2022-12-24 15:40:32'),
(114, '<p><span id=\"docs-internal-guid-c9328231-7fff-c32e-cb3d-fda4bed3bd7c\"><span style=\"font-size: 11pt; font-family: Calibri, sans-serif; color: rgb(0, 0, 0); background-color: transparent; font-variant-numeric: normal; font-variant-east-asian: normal; vertical-align: baseline; white-space: pre-wrap;\">Do you think you can run a business?</span></span><br></p>', 1, '2022-12-24 15:41:49', '2022-12-24 15:41:49'),
(115, '<p><span id=\"docs-internal-guid-cfff4ae9-7fff-fe77-dfe5-c88d2e2a7fca\"><span style=\"font-size: 11pt; font-family: Calibri, sans-serif; color: rgb(0, 0, 0); background-color: transparent; font-variant-numeric: normal; font-variant-east-asian: normal; vertical-align: baseline; white-space: pre-wrap;\">Do transactions interest you?</span></span><br></p>', 1, '2022-12-24 15:43:08', '2022-12-24 15:43:08'),
(116, '<p><span id=\"docs-internal-guid-56f624e8-7fff-0b3a-2693-f389dfc68594\"><span style=\"font-size: 11pt; font-family: Calibri, sans-serif; color: rgb(0, 0, 0); background-color: transparent; font-variant-numeric: normal; font-variant-east-asian: normal; vertical-align: baseline; white-space: pre-wrap;\">Do you think that keeping track of business finances is a crucial part of any organization?</span></span><br></p>', 1, '2022-12-24 15:44:36', '2022-12-24 15:44:36'),
(117, '<p><span id=\"docs-internal-guid-d750471f-7fff-4044-86cf-de9d3bb23d94\"><span style=\"font-size: 11pt; font-family: Calibri, sans-serif; color: rgb(0, 0, 0); background-color: transparent; font-variant-numeric: normal; font-variant-east-asian: normal; vertical-align: baseline; white-space: pre-wrap;\">Does your family run a business that you will own someday?</span></span><br></p>', 1, '2022-12-25 08:36:46', '2022-12-25 08:36:46'),
(118, '<p><span id=\"docs-internal-guid-bd708e56-7fff-5519-79c2-dfc2868b4004\"><span style=\"font-size: 11pt; font-family: Calibri, sans-serif; color: rgb(0, 0, 0); background-color: transparent; font-variant-numeric: normal; font-variant-east-asian: normal; vertical-align: baseline; white-space: pre-wrap;\">Do bank transactions interest you?</span></span><br></p>', 1, '2022-12-25 08:38:04', '2022-12-25 08:38:04'),
(119, '<p><span id=\"docs-internal-guid-dcc58308-7fff-c77c-9be4-9ee4649507df\"><span style=\"font-size: 11pt; font-family: Calibri, sans-serif; color: rgb(0, 0, 0); background-color: transparent; font-variant-numeric: normal; font-variant-east-asian: normal; vertical-align: baseline; white-space: pre-wrap;\">Do you want to control your own time because you don\'t have a boss?</span></span><br></p>', 1, '2022-12-25 08:40:22', '2022-12-25 08:40:22'),
(120, '<p><span id=\"docs-internal-guid-a8006ac1-7fff-57d8-341e-6a144a081495\"><span style=\"font-size: 11pt; font-family: Calibri, sans-serif; color: rgb(0, 0, 0); background-color: transparent; font-variant-numeric: normal; font-variant-east-asian: normal; vertical-align: baseline; white-space: pre-wrap;\">Are you willing to help others grow in terms of business?</span></span><br></p>', 1, '2022-12-25 08:41:29', '2022-12-25 08:41:29'),
(121, '<p><span id=\"docs-internal-guid-e7a73bbb-7fff-64ab-2265-d86f7c171c1c\"><span style=\"font-size: 11pt; font-family: Calibri, sans-serif; color: rgb(0, 0, 0); background-color: transparent; font-variant-numeric: normal; font-variant-east-asian: normal; vertical-align: baseline; white-space: pre-wrap;\">Are you interested to learn about investments?</span></span><br></p>', 1, '2022-12-25 08:42:27', '2022-12-25 08:42:27'),
(122, '<p><span id=\"docs-internal-guid-f400e544-7fff-5acc-4cdd-9f13f44bf7c7\"><span style=\"font-size: 11pt; font-family: Calibri, sans-serif; color: rgb(0, 0, 0); background-color: transparent; font-variant-numeric: normal; font-variant-east-asian: normal; vertical-align: baseline; white-space: pre-wrap;\">Do you think that proper management of finances is a must in life?</span></span><br></p>', 1, '2022-12-25 08:43:49', '2022-12-25 08:43:49');
INSERT INTO `response_list` (`id`, `response`, `status`, `date_created`, `date_updated`) VALUES
(123, '<p dir=\"ltr\" style=\"line-height:1.3800000000000001;margin-top:0pt;margin-bottom:10pt;\"><span style=\"font-size:11pt;font-family:Calibri,sans-serif;color:#000000;background-color:transparent;font-weight:400;font-style:normal;font-variant:normal;text-decoration:none;vertical-align:baseline;white-space:pre;white-space:pre-wrap;\">Do you think you can work with other types of people and document transactions properly</span></p><p><span id=\"docs-internal-guid-a924978a-7fff-f4c9-99be-8485899c546d\"></span></p><p dir=\"ltr\" style=\"line-height:1.3800000000000001;margin-top:0pt;margin-bottom:10pt;\"><span style=\"font-size:11pt;font-family:Calibri,sans-serif;color:#000000;background-color:transparent;font-weight:400;font-style:normal;font-variant:normal;text-decoration:none;vertical-align:baseline;white-space:pre;white-space:pre-wrap;\">for future references and analysis?</span></p>', 1, '2022-12-25 08:45:13', '2022-12-25 08:45:49'),
(124, '<p><span id=\"docs-internal-guid-2d1285ea-7fff-6fc3-1f04-0fc3ae74a393\"><span style=\"font-size: 11pt; font-family: Calibri, sans-serif; color: rgb(0, 0, 0); background-color: transparent; font-variant-numeric: normal; font-variant-east-asian: normal; vertical-align: baseline; white-space: pre-wrap;\">Do you have a creative mind and can form unique ideas?</span></span><br></p>', 1, '2022-12-25 08:47:02', '2022-12-25 08:47:02'),
(125, '<p><span id=\"docs-internal-guid-053b5592-7fff-83b6-18af-5a5215c0c96f\"><span style=\"font-size: 11pt; font-family: Calibri, sans-serif; color: rgb(0, 0, 0); background-color: transparent; font-variant-numeric: normal; font-variant-east-asian: normal; vertical-align: baseline; white-space: pre-wrap;\">Are you interested in financial management?</span></span><br></p>', 1, '2022-12-25 08:48:43', '2022-12-25 08:48:43'),
(126, '<p><span id=\"docs-internal-guid-f9bfdd1a-7fff-5483-aede-79e00d1a0010\"><span style=\"font-size: 11pt; font-family: Calibri, sans-serif; color: rgb(0, 0, 0); background-color: transparent; font-variant-numeric: normal; font-variant-east-asian: normal; vertical-align: baseline; white-space: pre-wrap;\">Does the term \"accounting\" interest you?</span></span><br></p>', 1, '2022-12-25 08:50:10', '2022-12-25 08:50:10');

-- --------------------------------------------------------

--
-- Table structure for table `suggestion_list`
--

CREATE TABLE `suggestion_list` (
  `response_id` int(30) NOT NULL,
  `suggestion` text NOT NULL
) ENGINE=InnoDB DEFAULT CHARSET=utf8mb4;

--
-- Dumping data for table `suggestion_list`
--

INSERT INTO `suggestion_list` (`response_id`, `suggestion`) VALUES
(13, 'I want to hone my creative writing skills'),
(13, 'I dont want to hone my creative writing skills'),
(12, 'Yes I want to gain knowledge about Disaster of Readiness and Risk Reduction'),
(12, 'I dont want to gain knowledge about Disaster of Readiness and Risk Reduction'),
(11, 'Yes I want to pursue General Education'),
(11, 'No I dont want to pursue General Education'),
(10, 'Im interested in Organization Management'),
(10, 'Im not interested in Organization Management'),
(9, 'Yes i can'),
(9, 'I cant'),
(14, 'Im interested in Empowerment Technologies'),
(14, 'Im not interested in Empowerment Technologies'),
(15, 'Yes i thought about developing my communication skills'),
(15, 'No i dont thought about developing my communication skills'),
(16, 'Yes im not sure of what course to take in college'),
(16, 'No im sure of what course to take in college'),
(17, 'Yes i want to be a teacher'),
(17, 'No i dont want to be a teacher'),
(18, 'Yes i want to focus on general knowledge'),
(18, 'No i dont want to focus on general knowledge'),
(19, 'Yes i want to learn more and dig deeper without any restrictions'),
(19, 'No i dont want to learn more and dig deeper without any restrictions'),
(20, 'I want to learn and weigh my options while doing them both at the same time'),
(20, 'I dont want to learn and weigh my options while doing them both at the same time'),
(21, 'Yes i want to learn everything without focusing on a specific subject'),
(21, 'I dont want to learn everything without focusing on a specific subject'),
(22, 'Im indecisive about the course that you will be taking in college'),
(22, 'Im not indecisive about the course that you will be taking in college'),
(23, 'I have more time on figuring out what you want to be in the future'),
(23, 'I dont have more time on figuring out what you want to be in the future'),
(24, 'Yes i want to explore more before focusing on a specific course in college'),
(24, 'I dont want to explore more before focusing on a specific course in college'),
(25, 'Yes i think i should have a general knowledge in all subjects'),
(25, 'No i shouldnt need a general knowledge in all subjects'),
(26, 'Yes i want freedom to explore more options before entering college'),
(26, 'No i dont want to explore'),
(27, 'Yes i want more opportunities'),
(27, 'I dont want opportunities'),
(28, 'Yes i think i can be anyone i like in the future'),
(28, 'I dont think i can be anyone i like in the future'),
(29, 'I am interested in learning broader subjects'),
(29, 'I am not interested in learning broader subjects'),
(30, 'Yes im willing to study mixed subjects so that i can have more options in the future'),
(30, 'Im not willing to study mixed subjects'),
(31, 'Yes i believe that this strand will help me sort out what you will be in the future'),
(31, 'I dont believe that this strand will help me sort out what you will be in the future'),
(32, 'Yes i think that learning mixed subjects will help me'),
(32, 'I dont think that learning mixed subjects will not help me'),
(33, 'I want to develop my communication and writing skills'),
(33, 'I dont to develop my communication and writing skills'),
(34, 'Yes i want to understand all of this'),
(34, 'No i dont want to understand all of this'),
(35, 'Yes i want to study about the core subjects that can also be found in other strands'),
(35, 'No i dont want to study about the core subjects that can also be found in other strands'),
(36, 'Yes i can focus'),
(36, 'No i cant focus'),
(37, 'Yes i want to involve myself in more general areas of study'),
(37, 'I dont want to involve myself in more general areas of study'),
(38, 'I want to master the general areas of study'),
(38, 'I dont want to master the general areas of study'),
(8, 'GAS'),
(8, 'STEM'),
(8, 'HUMMS'),
(8, 'ABM'),
(8, 'ICT'),
(8, 'ARTS AND DESIGN'),
(40, 'Lets Gooo'),
(41, 'Yes im good in subjects such as Math Science and English'),
(41, 'No im not good in subjects such as Math Science and English'),
(42, 'Yes my hobbies are related to Science English and Math'),
(42, 'My hobbies are not related on Science English and Math'),
(43, 'Yes i want to be a medtech engineer architect or a biologist in the future'),
(43, 'I dont want to be a medtech engineer architect or a biologist'),
(44, 'Yes im interested in innovation'),
(44, 'No im not interested in innovation'),
(45, 'Yes i consider myself a critical thinker'),
(45, 'No i dont consider myself a critical thinker'),
(46, 'Im interested in robotics'),
(46, 'Im not interested in robotics'),
(47, 'Yes i am willing to learn how the AI and machine language works'),
(47, 'No im not willing to learn how the AI and machine language works'),
(48, 'Yes i am interested to undergo an experiments'),
(48, 'Im not interested to undergo an experiments'),
(49, 'Yes im interested in unique earth science'),
(49, 'Im not interested in unique earth science'),
(50, 'I like phenomenon like meteorology and continental drifts'),
(50, 'Im not interested on phenomenons'),
(51, 'Yes im curious about the evidences like fossils'),
(51, 'Im not curious about the evidences like fossils'),
(52, 'Yes i want to be a scientist'),
(52, 'No i dont want to be a scientist'),
(53, 'Yes i always been a math wiz'),
(53, 'No im math wiz'),
(54, 'Yes numbers and equations excite me'),
(54, 'Numbers and equations are not exciting'),
(55, 'Yes i want to become a great economist'),
(55, 'I dont want to become a great economist'),
(56, 'Yes i want to be a mathematician'),
(56, 'No i dont want to be a mathematician'),
(57, 'Yes i thought of becoming engineers that could solve problems'),
(57, 'No i thought of becoming engineers that could solve problems'),
(58, 'Yes i think im good at numbers'),
(58, 'I dont think im good at numbers'),
(59, 'Yes Chemistry attract me'),
(59, 'Chemistry does not attract me'),
(60, 'Yes im good at drawing'),
(60, 'No im not good at drawing'),
(61, 'Yes i want to know the importance of science education'),
(61, 'I dont want to know the importance of science education'),
(62, 'Yes i like computers'),
(62, 'I dont like computers'),
(63, 'Yes i think math is easy'),
(63, 'Math is not easy'),
(64, 'Yes i like to solve'),
(64, 'No i dont like to solve'),
(65, 'Yes im interested in computer languages'),
(65, 'No im not interested in computer languages'),
(66, 'Yes i enjoy science and mathematics'),
(66, 'Science and mathematics are not my favorite'),
(67, 'Yes im interested in solving real world problems and challenges'),
(67, 'Im not interested in solving real world problems and challenges'),
(68, 'I think im skilled at mathematics'),
(68, 'I think im not good at mathematics'),
(69, 'I have patience to learn long equations'),
(69, 'I dont have patience to learn long equations'),
(70, 'I have patience to explain mathematical theories to prove my point'),
(70, 'I dont have patience to explain mathematical theories'),
(71, 'Pick New Stand'),
(71, 'Done'),
(72, 'Yes i like to enhance my speaking skills'),
(72, 'I dont like to enhance my speaking skills'),
(73, 'I want to focus on the study of human behavior'),
(73, 'I dont want to focus on the study of human behavior'),
(74, 'Political science interest me'),
(74, 'Political science is not interesting'),
(75, 'Yes im good at writing public speaking and statistics'),
(75, 'Im not good at writing public speaking and statistics'),
(76, 'Yes im interested in law culture religion science language and everything in humanity'),
(76, 'Im not interested in law culture religion science language and everything in humanity'),
(77, 'I thought about the differences between the social sciences and the humanities'),
(77, 'I Never Thought of the Differences Between the Social Sciences and the Humanities'),
(78, 'Yes You dont have to be rich to get into the social sciences'),
(78, 'No You have to be rich to get into the social sciences'),
(79, 'Yes i want to know the contributions of social science to society'),
(79, 'I dont want to know the contributions of social science to society'),
(80, 'Yes i think i have enough knowledge about social science'),
(80, 'I think i dont have enough knowledge about social science'),
(81, 'Yes i thought about focusing on your reading and writing skills'),
(81, 'No i didnt thought about focusing on your reading and writing skills'),
(82, 'Yes i love reading articles'),
(82, 'No i dont love reading articles'),
(83, 'Yes im interested in blogs'),
(83, 'I dont interested in blogs'),
(84, 'Yes im strong in social science and humanity'),
(84, 'Im weak in social science and humanity'),
(85, 'Yes i want to be a Political Scientist'),
(85, 'I dont want to be a Political Scientist'),
(86, 'Yes i want to study the diversity of human behavior'),
(86, 'I dont want to study the diversity of human behavior'),
(87, 'Im interested in becoming a lawyer'),
(87, 'Im not interested in becoming a lawyer'),
(88, 'Yes debates catch my attention'),
(88, 'Debates didnt catch my attention'),
(89, 'Yes i want to boost my confidence'),
(89, 'No i dont want to boost my confidence'),
(90, 'Yes i want to know the stories essential to human existence'),
(90, 'I dont want to know the stories essential to human existence'),
(91, 'Yes visual arts attract me'),
(91, 'No visual arts didnt attract me'),
(92, 'Yes im good at filming'),
(92, 'No im not good at filming'),
(93, 'Yes i love literature'),
(93, 'I didnt love literature'),
(94, 'Yes im interested in the attributes of great writing'),
(94, 'Im not interested in the attributes of great writing'),
(95, 'Yes i want to be an artist and a critic'),
(95, 'No i dont want to be an artist and a critic'),
(96, 'Yes im interested in studying religious and belief systems'),
(96, 'Im not interested in studying religious and belief systems'),
(97, 'Yes im interested in discussion about moral issues'),
(97, 'Im not interested in discussion about moral issues'),
(100, 'Yes i want to become an economist'),
(100, 'I dont want to become an economist'),
(101, 'Yes iwant to prove theories'),
(101, 'Idont want to prove theories'),
(99, 'Yes i want to become a historian'),
(99, 'I dont want to become a historian'),
(98, 'Iconsider myself a critical thinker'),
(98, 'Ididnt consider myself a critical thinker'),
(39, 'Pick New Stand'),
(39, 'Done'),
(102, 'Yes im good in fraction and percentages'),
(102, 'Im not good in fraction and percentages'),
(103, 'Yes i dream of becoming an accountant in the future'),
(103, 'My dream is not becoming an accountant'),
(104, 'Business interest me'),
(104, 'Business didnt interest me'),
(105, 'Yes im business in mind'),
(105, 'No im not business in mind'),
(106, 'Boss'),
(106, 'Employer'),
(107, 'Yes i like topics like business'),
(107, 'I dont like topics like business'),
(108, 'Yes i want to learn how to manage business'),
(108, 'I dont want to learn how to manage business'),
(109, 'Yes i want to work in different industries'),
(109, 'I dont want to work in different industries'),
(110, 'Yes im willing to take risks for your business'),
(110, 'Im not willing to take risks for your business'),
(111, 'Yes im planing to open my own business in the future'),
(111, 'Im not planing to open my own business in the future'),
(112, 'Yes i want to learn more about how to start up a business'),
(112, 'I dont want to learn about how to start up a business'),
(113, 'Yes i want to know how to operate my own business'),
(113, 'I dont want to know how to operate my own business'),
(114, 'Yes i think i can run a business'),
(114, 'I think i cant run a business'),
(115, 'Yes transactions interest me'),
(115, 'No transactions didnt interest me'),
(116, 'Yes i think that keeping track of business finances is a crucial part of any organization'),
(116, 'I think that keeping track of business finances is a easy'),
(117, 'Yes my family run a business that i will own someday'),
(117, 'We dont have business'),
(118, 'Yes bank transactions interest me'),
(118, 'Bank transactions didnt interest me'),
(119, 'Yes i want to control my own time'),
(119, 'I dont want to control my own time'),
(120, 'Yes im willing to help others grow in terms of business'),
(120, 'I dont willing to help others grow in terms of business'),
(121, 'Yes im interested to learn about investments'),
(121, 'Im not interested to learn about investments'),
(122, 'Yes i think that proper management of finances is a must in life'),
(122, 'No i think that proper management of finances is not a must in life'),
(123, 'Yes i can work with other types of people'),
(123, 'No i cant work with other types of people'),
(124, 'Yes i have a creative mind'),
(124, 'No i dont have a creative mind'),
(125, 'Yes im interested in financial management'),
(125, 'Im not interested in financial management'),
(126, 'Accounting interest me'),
(126, 'Accounting didnt interest me');

-- --------------------------------------------------------

--
-- Table structure for table `system_info`
--

CREATE TABLE `system_info` (
  `id` int(30) NOT NULL,
  `meta_field` text NOT NULL,
  `meta_value` text NOT NULL
) ENGINE=InnoDB DEFAULT CHARSET=utf8mb4;

--
-- Dumping data for table `system_info`
--

INSERT INTO `system_info` (`id`, `meta_field`, `meta_value`) VALUES
(1, 'name', 'Chat Bot'),
(6, 'short_name', 'BOT.AI'),
(11, 'logo', 'uploads/logo.png?v=1670639065'),
(13, 'user_avatar', 'uploads/user_avatar.jpg'),
(14, 'cover', 'uploads/cover.png?v=1670628927'),
(15, 'no_answer', '<p>Sorry, I don&apos;t have any response to your query. Try to rephrase or rewrite your query. Thanks!</p>'),
(16, 'suggestion', '[\"Lets Gooo\",\"\",\"\"]'),
(17, 'welcome_message', '<p>Are you ready to put your mind to the test and pick the right strand for you to take when you reach Senior High School?<br>If yes, then let&apos;s start!  </p>'),
(18, 'bot_name', 'ChattyBot'),
(19, 'isDisable', 'Enable');

-- --------------------------------------------------------

--
-- Table structure for table `users`
--

CREATE TABLE `users` (
  `id` int(50) NOT NULL,
  `firstname` varchar(250) NOT NULL,
  `lastname` varchar(250) NOT NULL,
  `username` text NOT NULL,
  `password` text NOT NULL,
  `avatar` text DEFAULT NULL,
  `last_login` datetime DEFAULT NULL,
  `type` tinyint(1) NOT NULL DEFAULT 0,
  `date_added` datetime NOT NULL DEFAULT current_timestamp(),
  `date_updated` datetime DEFAULT current_timestamp() ON UPDATE current_timestamp()
) ENGINE=InnoDB DEFAULT CHARSET=utf8mb4;

--
-- Dumping data for table `users`
--

INSERT INTO `users` (`id`, `firstname`, `lastname`, `username`, `password`, `avatar`, `last_login`, `type`, `date_added`, `date_updated`) VALUES
(1, 'Adminstrator', 'Admin', 'admin', '0192023a7bbd73250516f069df18b500', 'uploads/avatars/1.png?v=1649834664', NULL, 1, '2021-01-20 14:02:37', '2022-04-13 15:24:24'),
(5, 'stafFname', 'stafLname', 'stafUname', 'e807f1fcf82d132f9bb018ca6738a19f', NULL, NULL, 2, '2022-12-09 22:52:27', '2022-12-09 22:52:27'),
(6, 'Enchong', 'Dee Vera', 'Enchong', '0192023a7bbd73250516f069df18b500', NULL, NULL, 1, '2022-12-09 22:53:05', '2022-12-09 22:53:05');

--
-- Indexes for dumped tables
--

--
-- Indexes for table `keyword_fetched`
--
ALTER TABLE `keyword_fetched`
  ADD KEY `response_id` (`response_id`);

--
-- Indexes for table `keyword_list`
--
ALTER TABLE `keyword_list`
  ADD KEY `response_id` (`response_id`);

--
-- Indexes for table `response_list`
--
ALTER TABLE `response_list`
  ADD PRIMARY KEY (`id`);

--
-- Indexes for table `suggestion_list`
--
ALTER TABLE `suggestion_list`
  ADD KEY `response_id` (`response_id`);

--
-- Indexes for table `system_info`
--
ALTER TABLE `system_info`
  ADD PRIMARY KEY (`id`);

--
-- Indexes for table `users`
--
ALTER TABLE `users`
  ADD PRIMARY KEY (`id`);

--
-- AUTO_INCREMENT for dumped tables
--

--
-- AUTO_INCREMENT for table `response_list`
--
ALTER TABLE `response_list`
  MODIFY `id` int(30) NOT NULL AUTO_INCREMENT, AUTO_INCREMENT=127;

--
-- AUTO_INCREMENT for table `system_info`
--
ALTER TABLE `system_info`
  MODIFY `id` int(30) NOT NULL AUTO_INCREMENT, AUTO_INCREMENT=20;

--
-- AUTO_INCREMENT for table `users`
--
ALTER TABLE `users`
  MODIFY `id` int(50) NOT NULL AUTO_INCREMENT, AUTO_INCREMENT=7;

--
-- Constraints for dumped tables
--

--
-- Constraints for table `keyword_fetched`
--
ALTER TABLE `keyword_fetched`
  ADD CONSTRAINT `response_id_fk_kf` FOREIGN KEY (`response_id`) REFERENCES `response_list` (`id`) ON DELETE CASCADE ON UPDATE NO ACTION;

--
-- Constraints for table `keyword_list`
--
ALTER TABLE `keyword_list`
  ADD CONSTRAINT `response_id_fk_kl` FOREIGN KEY (`response_id`) REFERENCES `response_list` (`id`) ON DELETE CASCADE ON UPDATE NO ACTION;

--
-- Constraints for table `suggestion_list`
--
ALTER TABLE `suggestion_list`
  ADD CONSTRAINT `response_id_fk_sl` FOREIGN KEY (`response_id`) REFERENCES `response_list` (`id`) ON DELETE CASCADE ON UPDATE NO ACTION;
COMMIT;

/*!40101 SET CHARACTER_SET_CLIENT=@OLD_CHARACTER_SET_CLIENT */;
/*!40101 SET CHARACTER_SET_RESULTS=@OLD_CHARACTER_SET_RESULTS */;
/*!40101 SET COLLATION_CONNECTION=@OLD_COLLATION_CONNECTION */;
